Timestamp;DateTime;Pirog17-cr1_ae0.80(AS211609 OKKO)_tx;Pirog17-cr1_ae0.80(AS211609 OKKO)_rx;Aggregated_tx;Aggregated_rx
1635800400;2021-11-02 00:00;31984;262033832;31984;262033832
1635800460;2021-11-02 00:01;32080;261391056;32080;261391056
1635800520;2021-11-02 00:02;22464;246540432;22464;246540432
1635800580;2021-11-02 00:03;22256;259704872;22256;259704872
1635800640;2021-11-02 00:04;24720;255488904;24720;255488904
1635800700;2021-11-02 00:05;29744;288723840;29744;288723840
1635800760;2021-11-02 00:06;16736;268483944;16736;268483944
1635800820;2021-11-02 00:07;14952;270641984;14952;270641984
1635800880;2021-11-02 00:08;18280;249690200;18280;249690200
1635800940;2021-11-02 00:09;15008;273776768;15008;273776768
1635801000;2021-11-02 00:10;16656;256531640;16656;256531640
1635801060;2021-11-02 00:11;15120;274808960;15120;274808960
1635801120;2021-11-02 00:12;18136;262308888;18136;262308888
1635801180;2021-11-02 00:13;20848;262151400;20848;262151400
1635801240;2021-11-02 00:14;20368;255513408;20368;255513408
1635801300;2021-11-02 00:15;17296;276209472;17296;276209472
1635801360;2021-11-02 00:16;25152;255440568;25152;255440568
1635801420;2021-11-02 00:17;20808;247744776;20808;247744776
1635801480;2021-11-02 00:18;17904;251703496;17904;251703496
1635801540;2021-11-02 00:19;24736;269007712;24736;269007712
1635801600;2021-11-02 00:20;27488;266644936;27488;266644936
1635801660;2021-11-02 00:21;21912;277742424;21912;277742424
1635801720;2021-11-02 00:22;19752;252969160;19752;252969160
1635801780;2021-11-02 00:23;24600;249624488;24600;249624488
1635801840;2021-11-02 00:24;20880;229664016;20880;229664016
1635801900;2021-11-02 00:25;24112;262119920;24112;262119920
1635801960;2021-11-02 00:26;24904;248196536;24904;248196536
1635802020;2021-11-02 00:27;19608;245145824;19608;245145824
1635802080;2021-11-02 00:28;15592;231029152;15592;231029152
1635802140;2021-11-02 00:29;17640;239530640;17640;239530640
1635802200;2021-11-02 00:30;17120;240894376;17120;240894376
1635802260;2021-11-02 00:31;29688;239648528;29688;239648528
1635802320;2021-11-02 00:32;19384;226453584;19384;226453584
1635802380;2021-11-02 00:33;19832;241647984;19832;241647984
1635802440;2021-11-02 00:34;18600;227503768;18600;227503768
1635802500;2021-11-02 00:35;16232;227063280;16232;227063280
1635802560;2021-11-02 00:36;14512;210805992;14512;210805992
1635802620;2021-11-02 00:37;17432;215281176;17432;215281176
1635802680;2021-11-02 00:38;18040;206380504;18040;206380504
1635802740;2021-11-02 00:39;21256;190191544;21256;190191544
1635802800;2021-11-02 00:40;25776;222603976;25776;222603976
1635802860;2021-11-02 00:41;23344;204327936;23344;204327936
1635802920;2021-11-02 00:42;20056;185096904;20056;185096904
1635802980;2021-11-02 00:43;26864;200431848;26864;200431848
1635803040;2021-11-02 00:44;21264;177407984;21264;177407984
1635803100;2021-11-02 00:45;24416;212456544;24416;212456544
1635803160;2021-11-02 00:46;25608;175426232;25608;175426232
1635803220;2021-11-02 00:47;23224;179949296;23224;179949296
1635803280;2021-11-02 00:48;22472;194636808;22472;194636808
1635803340;2021-11-02 00:49;22728;182565248;22728;182565248
1635803400;2021-11-02 00:50;27600;188117992;27600;188117992
1635803460;2021-11-02 00:51;21104;172365232;21104;172365232
1635803520;2021-11-02 00:52;19640;192498312;19640;192498312
1635803580;2021-11-02 00:53;26912;158259304;26912;158259304
1635803640;2021-11-02 00:54;31240;163040360;31240;163040360
1635803700;2021-11-02 00:55;36288;165710672;36288;165710672
1635803760;2021-11-02 00:56;28000;153304712;28000;153304712
1635803820;2021-11-02 00:57;33120;168048472;33120;168048472
1635803880;2021-11-02 00:58;26600;165702136;26600;165702136
1635803940;2021-11-02 00:59;26784;167801640;26784;167801640
1635804000;2021-11-02 01:00;24696;172195536;24696;172195536
1635804060;2021-11-02 01:01;30320;184579184;30320;184579184
1635804120;2021-11-02 01:02;34664;179953152;34664;179953152
1635804180;2021-11-02 01:03;30632;173798728;30632;173798728
1635804240;2021-11-02 01:04;24672;179748632;24672;179748632
1635804300;2021-11-02 01:05;26072;157912744;26072;157912744
1635804360;2021-11-02 01:06;25200;172300304;25200;172300304
1635804420;2021-11-02 01:07;26832;146820504;26832;146820504
1635804480;2021-11-02 01:08;23104;143927512;23104;143927512
1635804540;2021-11-02 01:09;27760;151249392;27760;151249392
1635804600;2021-11-02 01:10;25544;164587384;25544;164587384
1635804660;2021-11-02 01:11;27912;148856600;27912;148856600
1635804720;2021-11-02 01:12;22456;138665256;22456;138665256
1635804780;2021-11-02 01:13;22152;138340672;22152;138340672
1635804840;2021-11-02 01:14;22840;142095920;22840;142095920
1635804900;2021-11-02 01:15;23016;128782040;23016;128782040
1635804960;2021-11-02 01:16;22376;135803256;22376;135803256
1635805020;2021-11-02 01:17;22256;122355856;22256;122355856
1635805080;2021-11-02 01:18;21488;118335712;21488;118335712
1635805140;2021-11-02 01:19;26208;128530264;26208;128530264
1635805200;2021-11-02 01:20;17296;126879528;17296;126879528
1635805260;2021-11-02 01:21;19104;133644632;19104;133644632
1635805320;2021-11-02 01:22;24080;138166840;24080;138166840
1635805380;2021-11-02 01:23;14920;135246216;14920;135246216
1635805440;2021-11-02 01:24;15744;140442984;15744;140442984
1635805500;2021-11-02 01:25;14272;143139304;14272;143139304
1635805560;2021-11-02 01:26;12216;131789608;12216;131789608
1635805620;2021-11-02 01:27;14664;137989560;14664;137989560
1635805680;2021-11-02 01:28;16784;138214224;16784;138214224
1635805740;2021-11-02 01:29;16088;128940800;16088;128940800
1635805800;2021-11-02 01:30;18536;133597912;18536;133597912
1635805860;2021-11-02 01:31;15608;134281408;15608;134281408
1635805920;2021-11-02 01:32;19232;140318256;19232;140318256
1635805980;2021-11-02 01:33;14184;141836096;14184;141836096
1635806040;2021-11-02 01:34;17200;135945392;17200;135945392
1635806100;2021-11-02 01:35;15904;139222256;15904;139222256
1635806160;2021-11-02 01:36;15184;125996944;15184;125996944
1635806220;2021-11-02 01:37;15272;134557288;15272;134557288
1635806280;2021-11-02 01:38;25016;131853080;25016;131853080
1635806340;2021-11-02 01:39;18368;128385360;18368;128385360
1635806400;2021-11-02 01:40;17624;135333936;17624;135333936
1635806460;2021-11-02 01:41;15584;124611504;15584;124611504
1635806520;2021-11-02 01:42;23056;137333520;23056;137333520
1635806580;2021-11-02 01:43;13768;129249616;13768;129249616
1635806640;2021-11-02 01:44;13448;120141736;13448;120141736
1635806700;2021-11-02 01:45;23560;136817144;23560;136817144
1635806760;2021-11-02 01:46;20872;137720136;20872;137720136
1635806820;2021-11-02 01:47;21080;112803160;21080;112803160
1635806880;2021-11-02 01:48;18224;118025472;18224;118025472
1635806940;2021-11-02 01:49;19280;119174560;19280;119174560
1635807000;2021-11-02 01:50;20136;115001800;20136;115001800
1635807060;2021-11-02 01:51;24912;114998920;24912;114998920
1635807120;2021-11-02 01:52;23432;100127016;23432;100127016
1635807180;2021-11-02 01:53;22504;105968592;22504;105968592
1635807240;2021-11-02 01:54;23016;111406728;23016;111406728
1635807300;2021-11-02 01:55;21936;114873776;21936;114873776
1635807360;2021-11-02 01:56;22544;111515728;22544;111515728
1635807420;2021-11-02 01:57;20952;108823872;20952;108823872
1635807480;2021-11-02 01:58;23592;112887880;23592;112887880
1635807540;2021-11-02 01:59;23408;99528880;23408;99528880
1635807600;2021-11-02 02:00;24528;108583440;24528;108583440
1635807660;2021-11-02 02:01;25216;115241328;25216;115241328
1635807720;2021-11-02 02:02;19664;113229272;19664;113229272
1635807780;2021-11-02 02:03;27056;125402896;27056;125402896
1635807840;2021-11-02 02:04;23680;111659000;23680;111659000
1635807900;2021-11-02 02:05;27840;124560088;27840;124560088
1635807960;2021-11-02 02:06;23352;112319000;23352;112319000
1635808020;2021-11-02 02:07;16064;104548832;16064;104548832
1635808080;2021-11-02 02:08;14304;109823192;14304;109823192
1635808140;2021-11-02 02:09;18672;106614208;18672;106614208
1635808200;2021-11-02 02:10;17576;96123160;17576;96123160
1635808260;2021-11-02 02:11;18280;95872632;18280;95872632
1635808320;2021-11-02 02:12;18272;100896088;18272;100896088
1635808380;2021-11-02 02:13;18160;100423472;18160;100423472
1635808440;2021-11-02 02:14;18552;88740136;18552;88740136
1635808500;2021-11-02 02:15;25720;80513416;25720;80513416
1635808560;2021-11-02 02:16;15672;71939808;15672;71939808
1635808620;2021-11-02 02:17;18952;66768648;18952;66768648
1635808680;2021-11-02 02:18;17016;68649624;17016;68649624
1635808740;2021-11-02 02:19;20376;80315544;20376;80315544
1635808800;2021-11-02 02:20;23224;83077424;23224;83077424
1635808860;2021-11-02 02:21;19696;84098024;19696;84098024
1635808920;2021-11-02 02:22;16712;92371160;16712;92371160
1635808980;2021-11-02 02:23;36320;85861496;36320;85861496
1635809040;2021-11-02 02:24;21256;81681416;21256;81681416
1635809100;2021-11-02 02:25;22776;108549408;22776;108549408
1635809160;2021-11-02 02:26;20224;97741328;20224;97741328
1635809220;2021-11-02 02:27;21016;91162776;21016;91162776
1635809280;2021-11-02 02:28;17992;92323344;17992;92323344
1635809340;2021-11-02 02:29;18336;101518768;18336;101518768
1635809400;2021-11-02 02:30;24088;93213160;24088;93213160
1635809460;2021-11-02 02:31;21056;97706240;21056;97706240
1635809520;2021-11-02 02:32;16928;97504008;16928;97504008
1635809580;2021-11-02 02:33;23176;98355144;23176;98355144
1635809640;2021-11-02 02:34;19280;100818488;19280;100818488
1635809700;2021-11-02 02:35;19096;111155992;19096;111155992
1635809760;2021-11-02 02:36;20784;108116008;20784;108116008
1635809820;2021-11-02 02:37;24880;99980912;24880;99980912
1635809880;2021-11-02 02:38;24664;102500592;24664;102500592
1635809940;2021-11-02 02:39;14032;100823872;14032;100823872
1635810000;2021-11-02 02:40;23552;122028688;23552;122028688
1635810060;2021-11-02 02:41;19992;100821720;19992;100821720
1635810120;2021-11-02 02:42;20824;91719592;20824;91719592
1635810180;2021-11-02 02:43;22112;102901008;22112;102901008
1635810240;2021-11-02 02:44;20880;95400536;20880;95400536
1635810300;2021-11-02 02:45;22192;94333024;22192;94333024
1635810360;2021-11-02 02:46;18848;85637128;18848;85637128
1635810420;2021-11-02 02:47;29096;84324472;29096;84324472
1635810480;2021-11-02 02:48;23960;83450320;23960;83450320
1635810540;2021-11-02 02:49;16864;82572120;16864;82572120
1635810600;2021-11-02 02:50;62896;74861880;62896;74861880
1635810660;2021-11-02 02:51;50688;71798600;50688;71798600
1635810720;2021-11-02 02:52;48960;69173632;48960;69173632
1635810780;2021-11-02 02:53;28456;76785648;28456;76785648
1635810840;2021-11-02 02:54;18288;71256376;18288;71256376
1635810900;2021-11-02 02:55;19160;72253432;19160;72253432
1635810960;2021-11-02 02:56;21144;71081152;21144;71081152
1635811020;2021-11-02 02:57;22560;64287440;22560;64287440
1635811080;2021-11-02 02:58;22192;73309800;22192;73309800
1635811140;2021-11-02 02:59;20040;65299600;20040;65299600
1635811200;2021-11-02 03:00;22640;70435800;22640;70435800
1635811260;2021-11-02 03:01;20288;70466368;20288;70466368
1635811320;2021-11-02 03:02;22536;72194304;22536;72194304
1635811380;2021-11-02 03:03;20728;73465960;20728;73465960
1635811440;2021-11-02 03:04;22080;65951272;22080;65951272
1635811500;2021-11-02 03:05;22352;71849208;22352;71849208
1635811560;2021-11-02 03:06;24384;73085832;24384;73085832
1635811620;2021-11-02 03:07;30192;67423712;30192;67423712
1635811680;2021-11-02 03:08;31848;62116920;31848;62116920
1635811740;2021-11-02 03:09;21648;62646200;21648;62646200
1635811800;2021-11-02 03:10;27088;64748448;27088;64748448
1635811860;2021-11-02 03:11;23056;66039144;23056;66039144
1635811920;2021-11-02 03:12;22512;62419616;22512;62419616
1635811980;2021-11-02 03:13;19728;70529944;19728;70529944
1635812040;2021-11-02 03:14;24824;68044824;24824;68044824
1635812100;2021-11-02 03:15;26768;64546920;26768;64546920
1635812160;2021-11-02 03:16;21824;70473744;21824;70473744
1635812220;2021-11-02 03:17;25128;67802456;25128;67802456
1635812280;2021-11-02 03:18;22872;62681040;22872;62681040
1635812340;2021-11-02 03:19;23320;61596024;23320;61596024
1635812400;2021-11-02 03:20;22848;64143736;22848;64143736
1635812460;2021-11-02 03:21;21656;56057616;21656;56057616
1635812520;2021-11-02 03:22;23720;58409544;23720;58409544
1635812580;2021-11-02 03:23;20960;62581056;20960;62581056
1635812640;2021-11-02 03:24;21928;58141480;21928;58141480
1635812700;2021-11-02 03:25;22160;60804392;22160;60804392
1635812760;2021-11-02 03:26;28696;59460968;28696;59460968
1635812820;2021-11-02 03:27;26192;57799088;26192;57799088
1635812880;2021-11-02 03:28;22904;53408776;22904;53408776
1635812940;2021-11-02 03:29;25800;53767720;25800;53767720
1635813000;2021-11-02 03:30;29296;59128408;29296;59128408
1635813060;2021-11-02 03:31;22224;57177896;22224;57177896
1635813120;2021-11-02 03:32;27824;40836976;27824;40836976
1635813180;2021-11-02 03:33;25848;49775008;25848;49775008
1635813240;2021-11-02 03:34;32384;49209560;32384;49209560
1635813300;2021-11-02 03:35;21920;54680536;21920;54680536
1635813360;2021-11-02 03:36;27552;54738400;27552;54738400
1635813420;2021-11-02 03:37;19744;53221656;19744;53221656
1635813480;2021-11-02 03:38;20360;53110704;20360;53110704
1635813540;2021-11-02 03:39;22440;52018160;22440;52018160
1635813600;2021-11-02 03:40;29600;52908640;29600;52908640
1635813660;2021-11-02 03:41;20752;46252872;20752;46252872
1635813720;2021-11-02 03:42;21592;38531544;21592;38531544
1635813780;2021-11-02 03:43;23272;36789864;23272;36789864
1635813840;2021-11-02 03:44;56640;37988224;56640;37988224
1635813900;2021-11-02 03:45;218792;39417936;218792;39417936
1635813960;2021-11-02 03:46;21520;32220168;21520;32220168
1635814020;2021-11-02 03:47;21800;33677504;21800;33677504
1635814080;2021-11-02 03:48;25904;34437968;25904;34437968
1635814140;2021-11-02 03:49;22568;36963840;22568;36963840
1635814200;2021-11-02 03:50;26480;32249072;26480;32249072
1635814260;2021-11-02 03:51;24768;33568552;24768;33568552
1635814320;2021-11-02 03:52;26408;30038752;26408;30038752
1635814380;2021-11-02 03:53;20568;29259968;20568;29259968
1635814440;2021-11-02 03:54;20968;18120432;20968;18120432
1635814500;2021-11-02 03:55;22776;21623776;22776;21623776
1635814560;2021-11-02 03:56;20640;21858272;20640;21858272
1635814620;2021-11-02 03:57;17016;25346928;17016;25346928
1635814680;2021-11-02 03:58;25328;24495856;25328;24495856
1635814740;2021-11-02 03:59;34408;23641192;34408;23641192
1635814800;2021-11-02 04:00;25520;22307984;25520;22307984
1635814860;2021-11-02 04:01;26048;20932728;26048;20932728
1635814920;2021-11-02 04:02;22392;22101000;22392;22101000
1635814980;2021-11-02 04:03;25416;22414008;25416;22414008
1635815040;2021-11-02 04:04;25848;23497088;25848;23497088
1635815100;2021-11-02 04:05;27672;23399312;27672;23399312
1635815160;2021-11-02 04:06;23856;21821912;23856;21821912
1635815220;2021-11-02 04:07;21416;20717888;21416;20717888
1635815280;2021-11-02 04:08;24896;22840584;24896;22840584
1635815340;2021-11-02 04:09;21864;21016696;21864;21016696
1635815400;2021-11-02 04:10;25616;19517144;25616;19517144
1635815460;2021-11-02 04:11;22608;20067120;22608;20067120
1635815520;2021-11-02 04:12;25856;21010288;25856;21010288
1635815580;2021-11-02 04:13;21736;17071992;21736;17071992
1635815640;2021-11-02 04:14;24448;18101784;24448;18101784
1635815700;2021-11-02 04:15;27760;23326336;27760;23326336
1635815760;2021-11-02 04:16;20008;19109344;20008;19109344
1635815820;2021-11-02 04:17;22400;15661528;22400;15661528
1635815880;2021-11-02 04:18;25232;15090336;25232;15090336
1635815940;2021-11-02 04:19;20136;14187176;20136;14187176
1635816000;2021-11-02 04:20;27984;15353664;27984;15353664
1635816060;2021-11-02 04:21;21560;14708024;21560;14708024
1635816120;2021-11-02 04:22;26416;13611096;26416;13611096
1635816180;2021-11-02 04:23;20216;13368464;20216;13368464
1635816240;2021-11-02 04:24;20824;15059336;20824;15059336
1635816300;2021-11-02 04:25;20224;13301520;20224;13301520
1635816360;2021-11-02 04:26;26208;14678960;26208;14678960
1635816420;2021-11-02 04:27;24272;14291352;24272;14291352
1635816480;2021-11-02 04:28;25552;10421968;25552;10421968
1635816540;2021-11-02 04:29;21728;8416528;21728;8416528
1635816600;2021-11-02 04:30;23280;15397552;23280;15397552
1635816660;2021-11-02 04:31;23288;8624176;23288;8624176
1635816720;2021-11-02 04:32;21392;7669104;21392;7669104
1635816780;2021-11-02 04:33;22576;7393408;22576;7393408
1635816840;2021-11-02 04:34;26872;6303760;26872;6303760
1635816900;2021-11-02 04:35;21552;2555208;21552;2555208
1635816960;2021-11-02 04:36;22792;10802512;22792;10802512
1635817020;2021-11-02 04:37;24848;7667680;24848;7667680
1635817080;2021-11-02 04:38;30600;7655416;30600;7655416
1635817140;2021-11-02 04:39;24104;7140928;24104;7140928
1635817200;2021-11-02 04:40;21952;8791552;21952;8791552
1635817260;2021-11-02 04:41;23424;7595272;23424;7595272
1635817320;2021-11-02 04:42;22440;7604424;22440;7604424
1635817380;2021-11-02 04:43;19344;8107800;19344;8107800
1635817440;2021-11-02 04:44;20672;8433816;20672;8433816
1635817500;2021-11-02 04:45;19352;7631952;19352;7631952
1635817560;2021-11-02 04:46;24616;7091208;24616;7091208
1635817620;2021-11-02 04:47;26880;7997824;26880;7997824
1635817680;2021-11-02 04:48;21704;8608264;21704;8608264
1635817740;2021-11-02 04:49;28928;6777360;28928;6777360
1635817800;2021-11-02 04:50;25960;9113312;25960;9113312
1635817860;2021-11-02 04:51;24112;9030592;24112;9030592
1635817920;2021-11-02 04:52;25864;7401552;25864;7401552
1635817980;2021-11-02 04:53;22752;8074968;22752;8074968
1635818040;2021-11-02 04:54;23144;7279376;23144;7279376
1635818100;2021-11-02 04:55;22952;3615664;22952;3615664
1635818160;2021-11-02 04:56;19136;8429520;19136;8429520
1635818220;2021-11-02 04:57;23512;7613168;23512;7613168
1635818280;2021-11-02 04:58;26896;7436440;26896;7436440
1635818340;2021-11-02 04:59;30800;7577376;30800;7577376
1635818400;2021-11-02 05:00;24928;7909136;24928;7909136
1635818460;2021-11-02 05:01;29264;8216288;29264;8216288
1635818520;2021-11-02 05:02;21840;8508936;21840;8508936
1635818580;2021-11-02 05:03;21296;7685016;21296;7685016
1635818640;2021-11-02 05:04;22440;8639536;22440;8639536
1635818700;2021-11-02 05:05;25008;7449792;25008;7449792
1635818760;2021-11-02 05:06;30288;7458128;30288;7458128
1635818820;2021-11-02 05:07;30624;8497216;30624;8497216
1635818880;2021-11-02 05:08;20664;7860856;20664;7860856
1635818940;2021-11-02 05:09;21672;8001648;21672;8001648
1635819000;2021-11-02 05:10;31624;7864928;31624;7864928
1635819060;2021-11-02 05:11;23856;6911888;23856;6911888
1635819120;2021-11-02 05:12;21728;9949504;21728;9949504
1635819180;2021-11-02 05:13;21632;8313216;21632;8313216
1635819240;2021-11-02 05:14;23904;8058208;23904;8058208
1635819300;2021-11-02 05:15;24416;3128624;24416;3128624
1635819360;2021-11-02 05:16;23704;10004024;23704;10004024
1635819420;2021-11-02 05:17;22376;7320312;22376;7320312
1635819480;2021-11-02 05:18;22704;7010576;22704;7010576
1635819540;2021-11-02 05:19;28048;8044040;28048;8044040
1635819600;2021-11-02 05:20;19640;7804200;19640;7804200
1635819660;2021-11-02 05:21;20296;11426952;20296;11426952
1635819720;2021-11-02 05:22;21392;13596304;21392;13596304
1635819780;2021-11-02 05:23;43680;12850824;43680;12850824
1635819840;2021-11-02 05:24;37296;13196728;37296;13196728
1635819900;2021-11-02 05:25;22216;13484712;22216;13484712
1635819960;2021-11-02 05:26;24312;14349792;24312;14349792
1635820020;2021-11-02 05:27;35240;13593968;35240;13593968
1635820080;2021-11-02 05:28;32264;14269320;32264;14269320
1635820140;2021-11-02 05:29;24936;13775168;24936;13775168
1635820200;2021-11-02 05:30;35112;14234464;35112;14234464
1635820260;2021-11-02 05:31;24496;13664968;24496;13664968
1635820320;2021-11-02 05:32;22160;14558840;22160;14558840
1635820380;2021-11-02 05:33;21504;15863656;21504;15863656
1635820440;2021-11-02 05:34;22920;13380800;22920;13380800
1635820500;2021-11-02 05:35;21968;15257616;21968;15257616
1635820560;2021-11-02 05:36;25176;13205808;25176;13205808
1635820620;2021-11-02 05:37;20920;18319760;20920;18319760
1635820680;2021-11-02 05:38;22624;17365512;22624;17365512
1635820740;2021-11-02 05:39;20576;16531704;20576;16531704
1635820800;2021-11-02 05:40;23928;18412464;23928;18412464
1635820860;2021-11-02 05:41;21592;16558016;21592;16558016
1635820920;2021-11-02 05:42;21376;16885896;21376;16885896
1635820980;2021-11-02 05:43;21864;16526176;21864;16526176
1635821040;2021-11-02 05:44;23352;17935640;23352;17935640
1635821100;2021-11-02 05:45;21760;16608104;21760;16608104
1635821160;2021-11-02 05:46;24792;17909664;24792;17909664
1635821220;2021-11-02 05:47;23656;18351064;23656;18351064
1635821280;2021-11-02 05:48;24312;15856952;24312;15856952
1635821340;2021-11-02 05:49;23672;19184112;23672;19184112
1635821400;2021-11-02 05:50;26104;17331304;26104;17331304
1635821460;2021-11-02 05:51;25528;17546944;25528;17546944
1635821520;2021-11-02 05:52;24400;17649728;24400;17649728
1635821580;2021-11-02 05:53;24720;19094096;24720;19094096
1635821640;2021-11-02 05:54;18744;16316832;18744;16316832
1635821700;2021-11-02 05:55;24016;13930056;24016;13930056
1635821760;2021-11-02 05:56;20712;14120848;20712;14120848
1635821820;2021-11-02 05:57;23152;13905416;23152;13905416
1635821880;2021-11-02 05:58;21376;10277160;21376;10277160
1635821940;2021-11-02 05:59;26968;10780952;26968;10780952
1635822000;2021-11-02 06:00;24040;12079864;24040;12079864
1635822060;2021-11-02 06:01;21272;12128400;21272;12128400
1635822120;2021-11-02 06:02;21672;11114152;21672;11114152
1635822180;2021-11-02 06:03;24280;11858424;24280;11858424
1635822240;2021-11-02 06:04;21104;13486176;21104;13486176
1635822300;2021-11-02 06:05;18912;12757904;18912;12757904
1635822360;2021-11-02 06:06;22024;14170584;22024;14170584
1635822420;2021-11-02 06:07;24176;13130280;24176;13130280
1635822480;2021-11-02 06:08;17016;12239672;17016;12239672
1635822540;2021-11-02 06:09;25888;10874808;25888;10874808
1635822600;2021-11-02 06:10;24104;11396672;24104;11396672
1635822660;2021-11-02 06:11;23248;13134832;23248;13134832
1635822720;2021-11-02 06:12;33176;11270048;33176;11270048
1635822780;2021-11-02 06:13;28120;12489848;28120;12489848
1635822840;2021-11-02 06:14;21832;13089016;21832;13089016
1635822900;2021-11-02 06:15;24168;14065704;24168;14065704
1635822960;2021-11-02 06:16;23784;12491544;23784;12491544
1635823020;2021-11-02 06:17;24384;11951376;24384;11951376
1635823080;2021-11-02 06:18;22792;12448480;22792;12448480
1635823140;2021-11-02 06:19;29072;11643496;29072;11643496
1635823200;2021-11-02 06:20;28048;12049976;28048;12049976
1635823260;2021-11-02 06:21;21792;12385672;21792;12385672
1635823320;2021-11-02 06:22;22552;11774104;22552;11774104
1635823380;2021-11-02 06:23;19320;11829224;19320;11829224
1635823440;2021-11-02 06:24;24616;11267440;24616;11267440
1635823500;2021-11-02 06:25;25280;12452360;25280;12452360
1635823560;2021-11-02 06:26;21696;12206600;21696;12206600
1635823620;2021-11-02 06:27;21736;11861232;21736;11861232
1635823680;2021-11-02 06:28;27368;12472128;27368;12472128
1635823740;2021-11-02 06:29;25808;11733736;25808;11733736
1635823800;2021-11-02 06:30;24104;15027952;24104;15027952
1635823860;2021-11-02 06:31;21248;10681792;21248;10681792
1635823920;2021-11-02 06:32;28280;11393944;28280;11393944
1635823980;2021-11-02 06:33;22632;11999800;22632;11999800
1635824040;2021-11-02 06:34;19120;10724472;19120;10724472
1635824100;2021-11-02 06:35;21608;13707480;21608;13707480
1635824160;2021-11-02 06:36;21520;12710880;21520;12710880
1635824220;2021-11-02 06:37;26296;12179168;26296;12179168
1635824280;2021-11-02 06:38;21344;12288264;21344;12288264
1635824340;2021-11-02 06:39;23472;13134272;23472;13134272
1635824400;2021-11-02 06:40;20384;15719792;20384;15719792
1635824460;2021-11-02 06:41;23752;10231080;23752;10231080
1635824520;2021-11-02 06:42;55016;10260944;55016;10260944
1635824580;2021-11-02 06:43;27600;12697304;27600;12697304
1635824640;2021-11-02 06:44;26952;13293016;26952;13293016
1635824700;2021-11-02 06:45;28072;11162472;28072;11162472
1635824760;2021-11-02 06:46;29240;11689040;29240;11689040
1635824820;2021-11-02 06:47;24592;11388720;24592;11388720
1635824880;2021-11-02 06:48;26720;12022960;26720;12022960
1635824940;2021-11-02 06:49;23912;13677280;23912;13677280
1635825000;2021-11-02 06:50;22080;10515360;22080;10515360
1635825060;2021-11-02 06:51;16856;12503568;16856;12503568
1635825120;2021-11-02 06:52;23320;10747312;23320;10747312
1635825180;2021-11-02 06:53;31128;10849792;31128;10849792
1635825240;2021-11-02 06:54;25304;9901912;25304;9901912
1635825300;2021-11-02 06:55;18496;6790024;18496;6790024
1635825360;2021-11-02 06:56;22224;10759496;22224;10759496
1635825420;2021-11-02 06:57;20304;11117584;20304;11117584
1635825480;2021-11-02 06:58;11776;10992912;11776;10992912
1635825540;2021-11-02 06:59;18984;16455104;18984;16455104
1635825600;2021-11-02 07:00;22376;21372488;22376;21372488
1635825660;2021-11-02 07:01;24016;13732488;24016;13732488
1635825720;2021-11-02 07:02;25424;16051432;25424;16051432
1635825780;2021-11-02 07:03;17232;12327904;17232;12327904
1635825840;2021-11-02 07:04;24920;11606216;24920;11606216
1635825900;2021-11-02 07:05;29144;8924912;29144;8924912
1635825960;2021-11-02 07:06;22544;12227912;22544;12227912
1635826020;2021-11-02 07:07;25200;11648104;25200;11648104
1635826080;2021-11-02 07:08;25736;12901440;25736;12901440
1635826140;2021-11-02 07:09;21752;12292720;21752;12292720
1635826200;2021-11-02 07:10;22928;16403064;22928;16403064
1635826260;2021-11-02 07:11;25040;5305056;25040;5305056
1635826320;2021-11-02 07:12;19992;4663736;19992;4663736
1635826380;2021-11-02 07:13;23192;5039808;23192;5039808
1635826440;2021-11-02 07:14;24264;4100856;24264;4100856
1635826500;2021-11-02 07:15;22472;5251416;22472;5251416
1635826560;2021-11-02 07:16;21232;2969408;21232;2969408
1635826620;2021-11-02 07:17;21632;6735848;21632;6735848
1635826680;2021-11-02 07:18;21464;12890800;21464;12890800
1635826740;2021-11-02 07:19;15776;4622048;15776;4622048
1635826800;2021-11-02 07:20;19584;6866440;19584;6866440
1635826860;2021-11-02 07:21;25880;7216008;25880;7216008
1635826920;2021-11-02 07:22;21192;8116400;21192;8116400
1635826980;2021-11-02 07:23;20680;8228104;20680;8228104
1635827040;2021-11-02 07:24;22728;6863168;22728;6863168
1635827100;2021-11-02 07:25;22400;8548024;22400;8548024
1635827160;2021-11-02 07:26;23768;8083888;23768;8083888
1635827220;2021-11-02 07:27;25264;6753096;25264;6753096
1635827280;2021-11-02 07:28;20048;8280888;20048;8280888
1635827340;2021-11-02 07:29;22848;4811920;22848;4811920
1635827400;2021-11-02 07:30;22904;9725384;22904;9725384
1635827460;2021-11-02 07:31;26152;7890616;26152;7890616
1635827520;2021-11-02 07:32;20568;7237984;20568;7237984
1635827580;2021-11-02 07:33;23280;8278896;23280;8278896
1635827640;2021-11-02 07:34;24040;6886944;24040;6886944
1635827700;2021-11-02 07:35;24304;8668384;24304;8668384
1635827760;2021-11-02 07:36;24192;8714704;24192;8714704
1635827820;2021-11-02 07:37;26008;6672376;26008;6672376
1635827880;2021-11-02 07:38;23416;11573568;23416;11573568
1635827940;2021-11-02 07:39;24336;8628440;24336;8628440
1635828000;2021-11-02 07:40;19472;7532480;19472;7532480
1635828060;2021-11-02 07:41;20520;8484656;20520;8484656
1635828120;2021-11-02 07:42;22776;7033544;22776;7033544
1635828180;2021-11-02 07:43;25968;8868464;25968;8868464
1635828240;2021-11-02 07:44;19920;7847040;19920;7847040
1635828300;2021-11-02 07:45;23456;7034008;23456;7034008
1635828360;2021-11-02 07:46;26768;7718224;26768;7718224
1635828420;2021-11-02 07:47;20472;7635936;20472;7635936
1635828480;2021-11-02 07:48;24384;7326024;24384;7326024
1635828540;2021-11-02 07:49;19824;5093608;19824;5093608
1635828600;2021-11-02 07:50;22232;5858216;22232;5858216
1635828660;2021-11-02 07:51;21456;7099872;21456;7099872
1635828720;2021-11-02 07:52;21888;8376056;21888;8376056
1635828780;2021-11-02 07:53;21640;7061248;21640;7061248
1635828840;2021-11-02 07:54;21096;4554120;21096;4554120
1635828900;2021-11-02 07:55;23440;4961792;23440;4961792
1635828960;2021-11-02 07:56;23560;5586312;23560;5586312
1635829020;2021-11-02 07:57;19344;5270208;19344;5270208
1635829080;2021-11-02 07:58;30728;2521520;30728;2521520
1635829140;2021-11-02 07:59;55344;6457552;55344;6457552
1635829200;2021-11-02 08:00;26408;5582552;26408;5582552
1635829260;2021-11-02 08:01;24736;3962120;24736;3962120
1635829320;2021-11-02 08:02;19840;4257944;19840;4257944
1635829380;2021-11-02 08:03;22256;5106640;22256;5106640
1635829440;2021-11-02 08:04;20552;4809800;20552;4809800
1635829500;2021-11-02 08:05;24000;11139256;24000;11139256
1635829560;2021-11-02 08:06;20632;12162264;20632;12162264
1635829620;2021-11-02 08:07;22160;16461728;22160;16461728
1635829680;2021-11-02 08:08;25952;17396032;25952;17396032
1635829740;2021-11-02 08:09;23120;16723728;23120;16723728
1635829800;2021-11-02 08:10;28200;19213632;28200;19213632
1635829860;2021-11-02 08:11;27920;21754216;27920;21754216
1635829920;2021-11-02 08:12;28056;24956496;28056;24956496
1635829980;2021-11-02 08:13;23784;22877592;23784;22877592
1635830040;2021-11-02 08:14;25296;21363856;25296;21363856
1635830100;2021-11-02 08:15;23160;19356136;23160;19356136
1635830160;2021-11-02 08:16;28256;21384856;28256;21384856
1635830220;2021-11-02 08:17;21680;18491904;21680;18491904
1635830280;2021-11-02 08:18;21792;20780232;21792;20780232
1635830340;2021-11-02 08:19;21624;16940168;21624;16940168
1635830400;2021-11-02 08:20;27136;16632112;27136;16632112
1635830460;2021-11-02 08:21;28208;9415976;28208;9415976
1635830520;2021-11-02 08:22;22416;5370128;22416;5370128
1635830580;2021-11-02 08:23;22184;5402616;22184;5402616
1635830640;2021-11-02 08:24;36616;7733480;36616;7733480
1635830700;2021-11-02 08:25;23216;11527712;23216;11527712
1635830760;2021-11-02 08:26;43656;10991016;43656;10991016
1635830820;2021-11-02 08:27;33400;11209256;33400;11209256
1635830880;2021-11-02 08:28;47608;10756560;47608;10756560
1635830940;2021-11-02 08:29;23736;10903896;23736;10903896
1635831000;2021-11-02 08:30;22536;11314208;22536;11314208
1635831060;2021-11-02 08:31;24240;10377776;24240;10377776
1635831120;2021-11-02 08:32;24704;11355976;24704;11355976
1635831180;2021-11-02 08:33;24504;10720192;24504;10720192
1635831240;2021-11-02 08:34;19952;9818928;19952;9818928
1635831300;2021-11-02 08:35;15744;11788000;15744;11788000
1635831360;2021-11-02 08:36;21256;10783856;21256;10783856
1635831420;2021-11-02 08:37;21840;12627416;21840;12627416
1635831480;2021-11-02 08:38;39800;20427752;39800;20427752
1635831540;2021-11-02 08:39;27552;14437264;27552;14437264
1635831600;2021-11-02 08:40;30640;18086128;30640;18086128
1635831660;2021-11-02 08:41;26008;16574480;26008;16574480
1635831720;2021-11-02 08:42;24744;16910168;24744;16910168
1635831780;2021-11-02 08:43;25384;15403864;25384;15403864
1635831840;2021-11-02 08:44;27272;17023416;27272;17023416
1635831900;2021-11-02 08:45;33584;16342504;33584;16342504
1635831960;2021-11-02 08:46;27520;12214848;27520;12214848
1635832020;2021-11-02 08:47;22976;19551664;22976;19551664
1635832080;2021-11-02 08:48;22872;10695584;22872;10695584
1635832140;2021-11-02 08:49;23544;9066680;23544;9066680
1635832200;2021-11-02 08:50;19864;19352856;19864;19352856
1635832260;2021-11-02 08:51;22656;16153656;22656;16153656
1635832320;2021-11-02 08:52;29336;21585568;29336;21585568
1635832380;2021-11-02 08:53;24568;12935104;24568;12935104
1635832440;2021-11-02 08:54;26112;18497440;26112;18497440
1635832500;2021-11-02 08:55;24888;17717512;24888;17717512
1635832560;2021-11-02 08:56;27872;14466112;27872;14466112
1635832620;2021-11-02 08:57;27128;10943368;27128;10943368
1635832680;2021-11-02 08:58;23560;15208840;23560;15208840
1635832740;2021-11-02 08:59;22192;14720688;22192;14720688
1635832800;2021-11-02 09:00;26008;18336072;26008;18336072
1635832860;2021-11-02 09:01;25672;23337832;25672;23337832
1635832920;2021-11-02 09:02;30432;18303616;30432;18303616
1635832980;2021-11-02 09:03;25656;19346464;25656;19346464
1635833040;2021-11-02 09:04;18824;16417248;18824;16417248
1635833100;2021-11-02 09:05;24264;17398936;24264;17398936
1635833160;2021-11-02 09:06;24904;24499888;24904;24499888
1635833220;2021-11-02 09:07;26048;30561712;26048;30561712
1635833280;2021-11-02 09:08;26992;21393736;26992;21393736
1635833340;2021-11-02 09:09;19616;23110056;19616;23110056
1635833400;2021-11-02 09:10;24304;24866832;24304;24866832
1635833460;2021-11-02 09:11;24872;19959416;24872;19959416
1635833520;2021-11-02 09:12;18528;32646936;18528;32646936
1635833580;2021-11-02 09:13;21864;23362272;21864;23362272
1635833640;2021-11-02 09:14;24816;41252600;24816;41252600
1635833700;2021-11-02 09:15;26360;33925416;26360;33925416
1635833760;2021-11-02 09:16;16456;25977152;16456;25977152
1635833820;2021-11-02 09:17;21456;32998576;21456;32998576
1635833880;2021-11-02 09:18;23040;28961736;23040;28961736
1635833940;2021-11-02 09:19;19096;36002592;19096;36002592
1635834000;2021-11-02 09:20;24616;24737192;24616;24737192
1635834060;2021-11-02 09:21;24440;35701728;24440;35701728
1635834120;2021-11-02 09:22;24144;21434608;24144;21434608
1635834180;2021-11-02 09:23;19840;32077328;19840;32077328
1635834240;2021-11-02 09:24;28000;23112448;28000;23112448
1635834300;2021-11-02 09:25;22792;21252488;22792;21252488
1635834360;2021-11-02 09:26;23816;27847568;23816;27847568
1635834420;2021-11-02 09:27;27176;41464560;27176;41464560
1635834480;2021-11-02 09:28;22400;46017360;22400;46017360
1635834540;2021-11-02 09:29;20296;43044416;20296;43044416
1635834600;2021-11-02 09:30;19824;46955456;19824;46955456
1635834660;2021-11-02 09:31;28904;41109496;28904;41109496
1635834720;2021-11-02 09:32;30032;37169400;30032;37169400
1635834780;2021-11-02 09:33;25728;40931912;25728;40931912
1635834840;2021-11-02 09:34;26040;39052240;26040;39052240
1635834900;2021-11-02 09:35;40360;46642312;40360;46642312
1635834960;2021-11-02 09:36;40208;61275872;40208;61275872
1635835020;2021-11-02 09:37;27296;62709640;27296;62709640
1635835080;2021-11-02 09:38;26352;51873504;26352;51873504
1635835140;2021-11-02 09:39;30312;52380912;30312;52380912
1635835200;2021-11-02 09:40;25216;58544224;25216;58544224
1635835260;2021-11-02 09:41;22352;56313208;22352;56313208
1635835320;2021-11-02 09:42;22568;49304960;22568;49304960
1635835380;2021-11-02 09:43;24344;50287352;24344;50287352
1635835440;2021-11-02 09:44;32032;58264840;32032;58264840
1635835500;2021-11-02 09:45;25552;60591344;25552;60591344
1635835560;2021-11-02 09:46;22664;54201792;22664;54201792
1635835620;2021-11-02 09:47;27544;62792248;27544;62792248
1635835680;2021-11-02 09:48;24528;63049960;24528;63049960
1635835740;2021-11-02 09:49;19544;69189576;19544;69189576
1635835800;2021-11-02 09:50;21576;66149840;21576;66149840
1635835860;2021-11-02 09:51;20192;77214808;20192;77214808
1635835920;2021-11-02 09:52;19720;74179544;19720;74179544
1635835980;2021-11-02 09:53;16632;69281288;16632;69281288
1635836040;2021-11-02 09:54;23200;69388016;23200;69388016
1635836100;2021-11-02 09:55;21184;79258808;21184;79258808
1635836160;2021-11-02 09:56;15352;78895688;15352;78895688
1635836220;2021-11-02 09:57;19776;77282616;19776;77282616
1635836280;2021-11-02 09:58;20440;86008864;20440;86008864
1635836340;2021-11-02 09:59;29912;79768992;29912;79768992
1635836400;2021-11-02 10:00;19104;76957432;19104;76957432
1635836460;2021-11-02 10:01;19832;73639776;19832;73639776
1635836520;2021-11-02 10:02;22304;77579496;22304;77579496
1635836580;2021-11-02 10:03;17384;90011592;17384;90011592
1635836640;2021-11-02 10:04;13664;107692488;13664;107692488
1635836700;2021-11-02 10:05;15928;121158072;15928;121158072
1635836760;2021-11-02 10:06;16728;104146872;16728;104146872
1635836820;2021-11-02 10:07;17344;82951896;17344;82951896
1635836880;2021-11-02 10:08;12680;73489784;12680;73489784
1635836940;2021-11-02 10:09;17888;86235656;17888;86235656
1635837000;2021-11-02 10:10;25536;72089312;25536;72089312
1635837060;2021-11-02 10:11;24816;71477816;24816;71477816
1635837120;2021-11-02 10:12;26848;62113384;26848;62113384
1635837180;2021-11-02 10:13;38512;56185320;38512;56185320
1635837240;2021-11-02 10:14;26712;73801520;26712;73801520
1635837300;2021-11-02 10:15;26488;74307208;26488;74307208
1635837360;2021-11-02 10:16;17728;77150792;17728;77150792
1635837420;2021-11-02 10:17;20704;76234544;20704;76234544
1635837480;2021-11-02 10:18;15160;78967696;15160;78967696
1635837540;2021-11-02 10:19;18080;76781272;18080;76781272
1635837600;2021-11-02 10:20;19152;70699304;19152;70699304
1635837660;2021-11-02 10:21;21056;78334800;21056;78334800
1635837720;2021-11-02 10:22;20800;77228264;20800;77228264
1635837780;2021-11-02 10:23;16672;61609144;16672;61609144
1635837840;2021-11-02 10:24;14488;58598936;14488;58598936
1635837900;2021-11-02 10:25;22552;64373120;22552;64373120
1635837960;2021-11-02 10:26;17256;69853872;17256;69853872
1635838020;2021-11-02 10:27;17088;69284920;17088;69284920
1635838080;2021-11-02 10:28;17512;85204208;17512;85204208
1635838140;2021-11-02 10:29;22624;79257384;22624;79257384
1635838200;2021-11-02 10:30;18168;70624352;18168;70624352
1635838260;2021-11-02 10:31;22696;74495280;22696;74495280
1635838320;2021-11-02 10:32;8696;71806784;8696;71806784
1635838380;2021-11-02 10:33;13264;84088232;13264;84088232
1635838440;2021-11-02 10:34;13080;67239368;13080;67239368
1635838500;2021-11-02 10:35;12896;74654888;12896;74654888
1635838560;2021-11-02 10:36;13376;84328512;13376;84328512
1635838620;2021-11-02 10:37;15792;77113936;15792;77113936
1635838680;2021-11-02 10:38;16456;76054416;16456;76054416
1635838740;2021-11-02 10:39;18544;72549080;18544;72549080
1635838800;2021-11-02 10:40;13768;70301608;13768;70301608
1635838860;2021-11-02 10:41;17696;72745984;17696;72745984
1635838920;2021-11-02 10:42;14688;70662496;14688;70662496
1635838980;2021-11-02 10:43;17424;84003488;17424;84003488
1635839040;2021-11-02 10:44;16024;77100608;16024;77100608
1635839100;2021-11-02 10:45;8840;77243512;8840;77243512
1635839160;2021-11-02 10:46;12208;86297872;12208;86297872
1635839220;2021-11-02 10:47;10448;88097568;10448;88097568
1635839280;2021-11-02 10:48;19432;84586464;19432;84586464
1635839340;2021-11-02 10:49;16384;74911008;16384;74911008
1635839400;2021-11-02 10:50;15392;98178552;15392;98178552
1635839460;2021-11-02 10:51;19976;89913264;19976;89913264
1635839520;2021-11-02 10:52;21312;89641496;21312;89641496
1635839580;2021-11-02 10:53;22216;86784344;22216;86784344
1635839640;2021-11-02 10:54;18984;103114936;18984;103114936
1635839700;2021-11-02 10:55;16856;106314872;16856;106314872
1635839760;2021-11-02 10:56;21144;93021208;21144;93021208
1635839820;2021-11-02 10:57;19424;90748520;19424;90748520
1635839880;2021-11-02 10:58;23400;103338504;23400;103338504
1635839940;2021-11-02 10:59;21136;98956632;21136;98956632
1635840000;2021-11-02 11:00;18720;103009224;18720;103009224
1635840060;2021-11-02 11:01;24280;101340632;24280;101340632
1635840120;2021-11-02 11:02;25696;114559664;25696;114559664
1635840180;2021-11-02 11:03;22080;98069376;22080;98069376
1635840240;2021-11-02 11:04;18896;99887288;18896;99887288
1635840300;2021-11-02 11:05;20184;101592192;20184;101592192
1635840360;2021-11-02 11:06;21536;97021896;21536;97021896
1635840420;2021-11-02 11:07;23064;102370968;23064;102370968
1635840480;2021-11-02 11:08;27640;103211040;27640;103211040
1635840540;2021-11-02 11:09;25616;108565744;25616;108565744
1635840600;2021-11-02 11:10;20464;105012656;20464;105012656
1635840660;2021-11-02 11:11;23568;101941440;23568;101941440
1635840720;2021-11-02 11:12;19976;99846584;19976;99846584
1635840780;2021-11-02 11:13;25144;101925032;25144;101925032
1635840840;2021-11-02 11:14;22320;92312216;22320;92312216
1635840900;2021-11-02 11:15;23120;97012536;23120;97012536
1635840960;2021-11-02 11:16;20936;95753984;20936;95753984
1635841020;2021-11-02 11:17;23504;93660408;23504;93660408
1635841080;2021-11-02 11:18;21088;108549864;21088;108549864
1635841140;2021-11-02 11:19;21048;103183600;21048;103183600
1635841200;2021-11-02 11:20;20312;109093216;20312;109093216
1635841260;2021-11-02 11:21;20552;112638208;20552;112638208
1635841320;2021-11-02 11:22;24376;108460840;24376;108460840
1635841380;2021-11-02 11:23;26776;110056168;26776;110056168
1635841440;2021-11-02 11:24;46952;96236112;46952;96236112
1635841500;2021-11-02 11:25;37656;111947072;37656;111947072
1635841560;2021-11-02 11:26;22392;117490952;22392;117490952
1635841620;2021-11-02 11:27;19952;102049712;19952;102049712
1635841680;2021-11-02 11:28;30608;114244776;30608;114244776
1635841740;2021-11-02 11:29;19384;101289528;19384;101289528
1635841800;2021-11-02 11:30;17736;108724904;17736;108724904
1635841860;2021-11-02 11:31;19304;94187192;19304;94187192
1635841920;2021-11-02 11:32;21416;87434008;21416;87434008
1635841980;2021-11-02 11:33;20808;89846880;20808;89846880
1635842040;2021-11-02 11:34;21296;95434712;21296;95434712
1635842100;2021-11-02 11:35;21800;95233200;21800;95233200
1635842160;2021-11-02 11:36;20032;111149168;20032;111149168
1635842220;2021-11-02 11:37;23048;97480672;23048;97480672
1635842280;2021-11-02 11:38;35336;105041728;35336;105041728
1635842340;2021-11-02 11:39;27248;97329392;27248;97329392
1635842400;2021-11-02 11:40;22648;109388112;22648;109388112
1635842460;2021-11-02 11:41;29112;102903416;29112;102903416
1635842520;2021-11-02 11:42;26424;100542976;26424;100542976
1635842580;2021-11-02 11:43;19200;102040048;19200;102040048
1635842640;2021-11-02 11:44;27768;107238528;27768;107238528
1635842700;2021-11-02 11:45;33664;109968056;33664;109968056
1635842760;2021-11-02 11:46;34568;109055712;34568;109055712
1635842820;2021-11-02 11:47;35216;112978384;35216;112978384
1635842880;2021-11-02 11:48;20480;107161504;20480;107161504
1635842940;2021-11-02 11:49;24624;110463424;24624;110463424
1635843000;2021-11-02 11:50;24192;111915832;24192;111915832
1635843060;2021-11-02 11:51;18192;103412488;18192;103412488
1635843120;2021-11-02 11:52;20512;117873408;20512;117873408
1635843180;2021-11-02 11:53;22440;120532384;22440;120532384
1635843240;2021-11-02 11:54;21448;120881864;21448;120881864
1635843300;2021-11-02 11:55;15976;113647776;15976;113647776
1635843360;2021-11-02 11:56;26184;100328256;26184;100328256
1635843420;2021-11-02 11:57;24936;108218968;24936;108218968
1635843480;2021-11-02 11:58;34280;93004808;34280;93004808
1635843540;2021-11-02 11:59;22744;89876928;22744;89876928
1635843600;2021-11-02 12:00;19920;106643864;19920;106643864
1635843660;2021-11-02 12:01;17768;99365216;17768;99365216
1635843720;2021-11-02 12:02;21832;100754832;21832;100754832
1635843780;2021-11-02 12:03;18320;94389648;18320;94389648
1635843840;2021-11-02 12:04;24528;89023480;24528;89023480
1635843900;2021-11-02 12:05;32296;102798256;32296;102798256
1635843960;2021-11-02 12:06;26048;111057928;26048;111057928
1635844020;2021-11-02 12:07;21896;100361320;21896;100361320
1635844080;2021-11-02 12:08;24400;101508824;24400;101508824
1635844140;2021-11-02 12:09;20048;92317736;20048;92317736
1635844200;2021-11-02 12:10;19384;86183336;19384;86183336
1635844260;2021-11-02 12:11;18192;85114448;18192;85114448
1635844320;2021-11-02 12:12;26704;79765648;26704;79765648
1635844380;2021-11-02 12:13;23168;87581544;23168;87581544
1635844440;2021-11-02 12:14;23200;96832552;23200;96832552
1635844500;2021-11-02 12:15;22216;103575640;22216;103575640
1635844560;2021-11-02 12:16;22696;104107888;22696;104107888
1635844620;2021-11-02 12:17;14752;106175848;14752;106175848
1635844680;2021-11-02 12:18;18528;96508400;18528;96508400
1635844740;2021-11-02 12:19;16624;93222088;16624;93222088
1635844800;2021-11-02 12:20;19384;99805056;19384;99805056
1635844860;2021-11-02 12:21;18560;106255384;18560;106255384
1635844920;2021-11-02 12:22;20096;94472248;20096;94472248
1635844980;2021-11-02 12:23;17944;96052800;17944;96052800
1635845040;2021-11-02 12:24;22680;89240424;22680;89240424
1635845100;2021-11-02 12:25;28256;80505512;28256;80505512
1635845160;2021-11-02 12:26;27368;91887584;27368;91887584
1635845220;2021-11-02 12:27;26784;92319480;26784;92319480
1635845280;2021-11-02 12:28;23688;83102392;23688;83102392
1635845340;2021-11-02 12:29;18968;81483728;18968;81483728
1635845400;2021-11-02 12:30;21880;79519456;21880;79519456
1635845460;2021-11-02 12:31;22440;72160024;22440;72160024
1635845520;2021-11-02 12:32;22864;70708480;22864;70708480
1635845580;2021-11-02 12:33;22184;73426280;22184;73426280
1635845640;2021-11-02 12:34;17992;69003472;17992;69003472
1635845700;2021-11-02 12:35;25736;62090672;25736;62090672
1635845760;2021-11-02 12:36;19976;64130784;19976;64130784
1635845820;2021-11-02 12:37;20392;64431888;20392;64431888
1635845880;2021-11-02 12:38;17304;67861264;17304;67861264
1635845940;2021-11-02 12:39;20984;66796640;20984;66796640
1635846000;2021-11-02 12:40;18768;63855696;18768;63855696
1635846060;2021-11-02 12:41;18744;63578224;18744;63578224
1635846120;2021-11-02 12:42;23856;89975936;23856;89975936
1635846180;2021-11-02 12:43;18744;77978328;18744;77978328
1635846240;2021-11-02 12:44;19840;82768440;19840;82768440
1635846300;2021-11-02 12:45;19432;85532312;19432;85532312
1635846360;2021-11-02 12:46;20184;87694392;20184;87694392
1635846420;2021-11-02 12:47;17160;91884144;17160;91884144
1635846480;2021-11-02 12:48;21816;88939632;21816;88939632
1635846540;2021-11-02 12:49;14976;87171112;14976;87171112
1635846600;2021-11-02 12:50;29848;79056352;29848;79056352
1635846660;2021-11-02 12:51;20176;79473520;20176;79473520
1635846720;2021-11-02 12:52;27840;78619328;27840;78619328
1635846780;2021-11-02 12:53;23488;77919192;23488;77919192
1635846840;2021-11-02 12:54;24952;84123664;24952;84123664
1635846900;2021-11-02 12:55;27328;80823168;27328;80823168
1635846960;2021-11-02 12:56;22432;87724960;22432;87724960
1635847020;2021-11-02 12:57;25168;82382528;25168;82382528
1635847080;2021-11-02 12:58;24720;82334376;24720;82334376
1635847140;2021-11-02 12:59;25208;95877784;25208;95877784
1635847200;2021-11-02 13:00;24184;98020224;24184;98020224
1635847260;2021-11-02 13:01;26712;88557696;26712;88557696
1635847320;2021-11-02 13:02;24768;82980288;24768;82980288
1635847380;2021-11-02 13:03;22536;85326728;22536;85326728
1635847440;2021-11-02 13:04;28008;84625312;28008;84625312
1635847500;2021-11-02 13:05;23272;86172080;23272;86172080
1635847560;2021-11-02 13:06;26368;87134760;26368;87134760
1635847620;2021-11-02 13:07;27352;89653992;27352;89653992
1635847680;2021-11-02 13:08;23640;88381432;23640;88381432
1635847740;2021-11-02 13:09;23752;83325056;23752;83325056
1635847800;2021-11-02 13:10;24256;91086992;24256;91086992
1635847860;2021-11-02 13:11;28088;90546864;28088;90546864
1635847920;2021-11-02 13:12;22200;83351024;22200;83351024
1635847980;2021-11-02 13:13;26024;84899416;26024;84899416
1635848040;2021-11-02 13:14;24064;77058496;24064;77058496
1635848100;2021-11-02 13:15;19288;87952080;19288;87952080
1635848160;2021-11-02 13:16;25472;84937472;25472;84937472
1635848220;2021-11-02 13:17;21368;88497752;21368;88497752
1635848280;2021-11-02 13:18;22176;100119136;22176;100119136
1635848340;2021-11-02 13:19;21448;79156936;21448;79156936
1635848400;2021-11-02 13:20;24960;85154888;24960;85154888
1635848460;2021-11-02 13:21;28800;93358296;28800;93358296
1635848520;2021-11-02 13:22;22232;98355592;22232;98355592
1635848580;2021-11-02 13:23;25360;101150000;25360;101150000
1635848640;2021-11-02 13:24;25728;101680840;25728;101680840
1635848700;2021-11-02 13:25;31448;114505744;31448;114505744
1635848760;2021-11-02 13:26;29744;107436176;29744;107436176
1635848820;2021-11-02 13:27;23624;103085368;23624;103085368
1635848880;2021-11-02 13:28;23392;101546424;23392;101546424
1635848940;2021-11-02 13:29;28560;121887528;28560;121887528
1635849000;2021-11-02 13:30;24432;126803640;24432;126803640
1635849060;2021-11-02 13:31;24304;112637168;24304;112637168
1635849120;2021-11-02 13:32;31408;111835096;31408;111835096
1635849180;2021-11-02 13:33;22440;117680344;22440;117680344
1635849240;2021-11-02 13:34;23048;115267656;23048;115267656
1635849300;2021-11-02 13:35;23136;111368456;23136;111368456
1635849360;2021-11-02 13:36;23000;122487832;23000;122487832
1635849420;2021-11-02 13:37;21472;109288192;21472;109288192
1635849480;2021-11-02 13:38;23312;95109352;23312;95109352
1635849540;2021-11-02 13:39;25648;90638160;25648;90638160
1635849600;2021-11-02 13:40;25432;104744448;25432;104744448
1635849660;2021-11-02 13:41;23672;101388048;23672;101388048
1635849720;2021-11-02 13:42;23368;97041048;23368;97041048
1635849780;2021-11-02 13:43;22248;96296896;22248;96296896
1635849840;2021-11-02 13:44;27904;92343224;27904;92343224
1635849900;2021-11-02 13:45;26400;93358720;26400;93358720
1635849960;2021-11-02 13:46;29328;95832408;29328;95832408
1635850020;2021-11-02 13:47;21752;102529528;21752;102529528
1635850080;2021-11-02 13:48;24072;103663664;24072;103663664
1635850140;2021-11-02 13:49;32152;97441864;32152;97441864
1635850200;2021-11-02 13:50;35040;93715096;35040;93715096
1635850260;2021-11-02 13:51;28456;90969016;28456;90969016
1635850320;2021-11-02 13:52;22344;84490936;22344;84490936
1635850380;2021-11-02 13:53;24128;87723944;24128;87723944
1635850440;2021-11-02 13:54;25200;98343496;25200;98343496
1635850500;2021-11-02 13:55;22160;94036736;22160;94036736
1635850560;2021-11-02 13:56;22672;96856264;22672;96856264
1635850620;2021-11-02 13:57;28592;90803120;28592;90803120
1635850680;2021-11-02 13:58;26616;80895992;26616;80895992
1635850740;2021-11-02 13:59;28816;81399624;28816;81399624
1635850800;2021-11-02 14:00;27296;80128088;27296;80128088
1635850860;2021-11-02 14:01;18304;64088376;18304;64088376
1635850920;2021-11-02 14:02;24376;58909824;24376;58909824
1635850980;2021-11-02 14:03;27576;60868392;27576;60868392
1635851040;2021-11-02 14:04;27816;65834896;27816;65834896
1635851100;2021-11-02 14:05;24824;78466232;24824;78466232
1635851160;2021-11-02 14:06;32080;68533088;32080;68533088
1635851220;2021-11-02 14:07;23816;56724664;23816;56724664
1635851280;2021-11-02 14:08;23040;62937736;23040;62937736
1635851340;2021-11-02 14:09;24424;62355064;24424;62355064
1635851400;2021-11-02 14:10;23928;63301256;23928;63301256
1635851460;2021-11-02 14:11;22520;62683920;22520;62683920
1635851520;2021-11-02 14:12;21248;68117472;21248;68117472
1635851580;2021-11-02 14:13;18400;59867888;18400;59867888
1635851640;2021-11-02 14:14;21600;63568360;21600;63568360
1635851700;2021-11-02 14:15;23336;71577016;23336;71577016
1635851760;2021-11-02 14:16;32720;76761808;32720;76761808
1635851820;2021-11-02 14:17;23600;67010624;23600;67010624
1635851880;2021-11-02 14:18;21088;66887504;21088;66887504
1635851940;2021-11-02 14:19;19344;66022864;19344;66022864
1635852000;2021-11-02 14:20;24816;74179320;24816;74179320
1635852060;2021-11-02 14:21;25552;72731872;25552;72731872
1635852120;2021-11-02 14:22;14672;73590880;14672;73590880
1635852180;2021-11-02 14:23;16928;66091224;16928;66091224
1635852240;2021-11-02 14:24;34656;59867464;34656;59867464
1635852300;2021-11-02 14:25;41288;68761160;41288;68761160
1635852360;2021-11-02 14:26;24688;59040328;24688;59040328
1635852420;2021-11-02 14:27;32424;63729264;32424;63729264
1635852480;2021-11-02 14:28;23192;66705072;23192;66705072
1635852540;2021-11-02 14:29;22496;58606736;22496;58606736
1635852600;2021-11-02 14:30;30240;70548944;30240;70548944
1635852660;2021-11-02 14:31;20664;74076640;20664;74076640
1635852720;2021-11-02 14:32;26928;66177704;26928;66177704
1635852780;2021-11-02 14:33;31704;53862216;31704;53862216
1635852840;2021-11-02 14:34;25216;56569824;25216;56569824
1635852900;2021-11-02 14:35;32432;48132352;32432;48132352
1635852960;2021-11-02 14:36;23472;53066912;23472;53066912
1635853020;2021-11-02 14:37;24320;58616184;24320;58616184
1635853080;2021-11-02 14:38;16568;57714688;16568;57714688
1635853140;2021-11-02 14:39;23408;55783544;23408;55783544
1635853200;2021-11-02 14:40;20712;46808888;20712;46808888
1635853260;2021-11-02 14:41;22056;41035720;22056;41035720
1635853320;2021-11-02 14:42;16992;46555464;16992;46555464
1635853380;2021-11-02 14:43;14760;46666792;14760;46666792
1635853440;2021-11-02 14:44;27144;50527736;27144;50527736
1635853500;2021-11-02 14:45;31192;42709648;31192;42709648
1635853560;2021-11-02 14:46;27928;38306024;27928;38306024
1635853620;2021-11-02 14:47;25624;43639848;25624;43639848
1635853680;2021-11-02 14:48;23264;39343664;23264;39343664
1635853740;2021-11-02 14:49;16248;33742088;16248;33742088
1635853800;2021-11-02 14:50;32792;30782448;32792;30782448
1635853860;2021-11-02 14:51;30736;31389912;30736;31389912
1635853920;2021-11-02 14:52;32368;30448440;32368;30448440
1635853980;2021-11-02 14:53;19536;33640792;19536;33640792
1635854040;2021-11-02 14:54;20416;40060408;20416;40060408
1635854100;2021-11-02 14:55;27536;43485808;27536;43485808
1635854160;2021-11-02 14:56;27096;39312504;27096;39312504
1635854220;2021-11-02 14:57;25352;42204416;25352;42204416
1635854280;2021-11-02 14:58;30784;33146952;30784;33146952
1635854340;2021-11-02 14:59;29512;34531440;29512;34531440
1635854400;2021-11-02 15:00;26040;37943760;26040;37943760
1635854460;2021-11-02 15:01;24464;46389576;24464;46389576
1635854520;2021-11-02 15:02;22488;39726264;22488;39726264
1635854580;2021-11-02 15:03;18304;44204504;18304;44204504
1635854640;2021-11-02 15:04;24288;50771296;24288;50771296
1635854700;2021-11-02 15:05;25088;48472504;25088;48472504
1635854760;2021-11-02 15:06;29648;53320024;29648;53320024
1635854820;2021-11-02 15:07;22872;50929352;22872;50929352
1635854880;2021-11-02 15:08;18424;48923536;18424;48923536
1635854940;2021-11-02 15:09;24432;49183816;24432;49183816
1635855000;2021-11-02 15:10;22208;53203768;22208;53203768
1635855060;2021-11-02 15:11;27096;58891056;27096;58891056
1635855120;2021-11-02 15:12;28384;60035576;28384;60035576
1635855180;2021-11-02 15:13;23656;51176000;23656;51176000
1635855240;2021-11-02 15:14;22256;54078248;22256;54078248
1635855300;2021-11-02 15:15;25728;49662256;25728;49662256
1635855360;2021-11-02 15:16;22696;55009712;22696;55009712
1635855420;2021-11-02 15:17;27440;62247440;27440;62247440
1635855480;2021-11-02 15:18;544232;63650512;544232;63650512
1635855540;2021-11-02 15:19;23832;57709392;23832;57709392
1635855600;2021-11-02 15:20;69168;55303632;69168;55303632
1635855660;2021-11-02 15:21;73376;48166448;73376;48166448
1635855720;2021-11-02 15:22;22000;55465040;22000;55465040
1635855780;2021-11-02 15:23;19952;66054944;19952;66054944
1635855840;2021-11-02 15:24;21104;59178272;21104;59178272
1635855900;2021-11-02 15:25;21872;59890800;21872;59890800
1635855960;2021-11-02 15:26;24040;73700400;24040;73700400
1635856020;2021-11-02 15:27;21824;64225856;21824;64225856
1635856080;2021-11-02 15:28;17552;69276408;17552;69276408
1635856140;2021-11-02 15:29;16928;61041952;16928;61041952
1635856200;2021-11-02 15:30;26368;63601128;26368;63601128
1635856260;2021-11-02 15:31;25352;65819840;25352;65819840
1635856320;2021-11-02 15:32;30592;62246352;30592;62246352
1635856380;2021-11-02 15:33;26752;64588568;26752;64588568
1635856440;2021-11-02 15:34;23840;65948184;23840;65948184
1635856500;2021-11-02 15:35;27728;70529520;27728;70529520
1635856560;2021-11-02 15:36;22904;65745360;22904;65745360
1635856620;2021-11-02 15:37;28536;69561992;28536;69561992
1635856680;2021-11-02 15:38;24384;82169408;24384;82169408
1635856740;2021-11-02 15:39;26200;80542424;26200;80542424
1635856800;2021-11-02 15:40;23888;76207320;23888;76207320
1635856860;2021-11-02 15:41;25120;69330000;25120;69330000
1635856920;2021-11-02 15:42;28368;67140120;28368;67140120
1635856980;2021-11-02 15:43;26024;62563160;26024;62563160
1635857040;2021-11-02 15:44;20696;60253536;20696;60253536
1635857100;2021-11-02 15:45;23208;56182752;23208;56182752
1635857160;2021-11-02 15:46;21432;78803384;21432;78803384
1635857220;2021-11-02 15:47;26016;76766312;26016;76766312
1635857280;2021-11-02 15:48;27064;76750856;27064;76750856
1635857340;2021-11-02 15:49;26832;71416536;26832;71416536
1635857400;2021-11-02 15:50;24272;72053576;24272;72053576
1635857460;2021-11-02 15:51;23512;75841176;23512;75841176
1635857520;2021-11-02 15:52;26544;74843976;26544;74843976
1635857580;2021-11-02 15:53;21136;71594112;21136;71594112
1635857640;2021-11-02 15:54;23856;72453856;23856;72453856
1635857700;2021-11-02 15:55;27240;83002040;27240;83002040
1635857760;2021-11-02 15:56;28976;77519536;28976;77519536
1635857820;2021-11-02 15:57;29424;69269472;29424;69269472
1635857880;2021-11-02 15:58;24584;76252528;24584;76252528
1635857940;2021-11-02 15:59;23056;88234488;23056;88234488
1635858000;2021-11-02 16:00;25424;80329960;25424;80329960
1635858060;2021-11-02 16:01;29672;74117512;29672;74117512
1635858120;2021-11-02 16:02;29976;72333184;29976;72333184
1635858180;2021-11-02 16:03;29832;81203120;29832;81203120
1635858240;2021-11-02 16:04;20096;56373600;20096;56373600
1635858300;2021-11-02 16:05;26672;70750584;26672;70750584
1635858360;2021-11-02 16:06;29584;71918904;29584;71918904
1635858420;2021-11-02 16:07;28936;75740304;28936;75740304
1635858480;2021-11-02 16:08;24440;83471272;24440;83471272
1635858540;2021-11-02 16:09;26952;74044864;26952;74044864
1635858600;2021-11-02 16:10;23672;88085088;23672;88085088
1635858660;2021-11-02 16:11;21864;73521288;21864;73521288
1635858720;2021-11-02 16:12;23752;79858008;23752;79858008
1635858780;2021-11-02 16:13;31200;78715216;31200;78715216
1635858840;2021-11-02 16:14;102624;75132816;102624;75132816
1635858900;2021-11-02 16:15;40872;74941568;40872;74941568
1635858960;2021-11-02 16:16;20000;74329656;20000;74329656
1635859020;2021-11-02 16:17;21104;78168544;21104;78168544
1635859080;2021-11-02 16:18;21936;74675376;21936;74675376
1635859140;2021-11-02 16:19;19056;74718512;19056;74718512
1635859200;2021-11-02 16:20;27000;83815152;27000;83815152
1635859260;2021-11-02 16:21;31768;85574360;31768;85574360
1635859320;2021-11-02 16:22;31416;92820888;31416;92820888
1635859380;2021-11-02 16:23;19136;92980536;19136;92980536
1635859440;2021-11-02 16:24;17784;83540792;17784;83540792
1635859500;2021-11-02 16:25;32800;77167800;32800;77167800
1635859560;2021-11-02 16:26;30304;85772800;30304;85772800
1635859620;2021-11-02 16:27;29976;81256272;29976;81256272
1635859680;2021-11-02 16:28;22088;93200576;22088;93200576
1635859740;2021-11-02 16:29;25976;91154112;25976;91154112
1635859800;2021-11-02 16:30;19392;93897368;19392;93897368
1635859860;2021-11-02 16:31;20632;79030960;20632;79030960
1635859920;2021-11-02 16:32;28144;92661984;28144;92661984
1635859980;2021-11-02 16:33;30416;69255680;30416;69255680
1635860040;2021-11-02 16:34;24696;74683056;24696;74683056
1635860100;2021-11-02 16:35;24496;84954816;24496;84954816
1635860160;2021-11-02 16:36;24960;79297424;24960;79297424
1635860220;2021-11-02 16:37;23592;76272728;23592;76272728
1635860280;2021-11-02 16:38;20160;64534416;20160;64534416
1635860340;2021-11-02 16:39;20040;69250512;20040;69250512
1635860400;2021-11-02 16:40;18208;81406672;18208;81406672
1635860460;2021-11-02 16:41;20184;82417328;20184;82417328
1635860520;2021-11-02 16:42;23552;93417264;23552;93417264
1635860580;2021-11-02 16:43;19888;90471664;19888;90471664
1635860640;2021-11-02 16:44;21376;83120208;21376;83120208
1635860700;2021-11-02 16:45;24560;85231224;24560;85231224
1635860760;2021-11-02 16:46;26784;84593368;26784;84593368
1635860820;2021-11-02 16:47;22656;92121240;22656;92121240
1635860880;2021-11-02 16:48;19440;85248128;19440;85248128
1635860940;2021-11-02 16:49;28640;86467928;28640;86467928
1635861000;2021-11-02 16:50;22192;76611496;22192;76611496
1635861060;2021-11-02 16:51;24304;86826048;24304;86826048
1635861120;2021-11-02 16:52;26816;86047648;26816;86047648
1635861180;2021-11-02 16:53;22496;104581904;22496;104581904
1635861240;2021-11-02 16:54;19744;122326032;19744;122326032
1635861300;2021-11-02 16:55;17928;100354504;17928;100354504
1635861360;2021-11-02 16:56;12136;99460336;12136;99460336
1635861420;2021-11-02 16:57;21344;107469536;21344;107469536
1635861480;2021-11-02 16:58;44360;99823088;44360;99823088
1635861540;2021-11-02 16:59;17552;100801336;17552;100801336
1635861600;2021-11-02 17:00;24336;98905296;24336;98905296
1635861660;2021-11-02 17:01;31328;114175528;31328;114175528
1635861720;2021-11-02 17:02;21176;111767216;21176;111767216
1635861780;2021-11-02 17:03;19496;108554768;19496;108554768
1635861840;2021-11-02 17:04;26128;108490584;26128;108490584
1635861900;2021-11-02 17:05;24688;119458888;24688;119458888
1635861960;2021-11-02 17:06;30008;140560480;30008;140560480
1635862020;2021-11-02 17:07;22056;126721632;22056;126721632
1635862080;2021-11-02 17:08;24456;125865552;24456;125865552
1635862140;2021-11-02 17:09;21144;133088288;21144;133088288
1635862200;2021-11-02 17:10;24032;112016904;24032;112016904
1635862260;2021-11-02 17:11;21392;118474144;21392;118474144
1635862320;2021-11-02 17:12;24968;132336816;24968;132336816
1635862380;2021-11-02 17:13;21168;115484456;21168;115484456
1635862440;2021-11-02 17:14;28152;106266424;28152;106266424
1635862500;2021-11-02 17:15;25912;119382760;25912;119382760
1635862560;2021-11-02 17:16;29000;121147312;29000;121147312
1635862620;2021-11-02 17:17;24944;126429984;24944;126429984
1635862680;2021-11-02 17:18;22256;119290304;22256;119290304
1635862740;2021-11-02 17:19;19984;120629888;19984;120629888
1635862800;2021-11-02 17:20;18280;123111560;18280;123111560
1635862860;2021-11-02 17:21;23040;121628080;23040;121628080
1635862920;2021-11-02 17:22;20560;125410528;20560;125410528
1635862980;2021-11-02 17:23;23280;122173464;23280;122173464
1635863040;2021-11-02 17:24;24432;118936392;24432;118936392
1635863100;2021-11-02 17:25;23888;131439024;23888;131439024
1635863160;2021-11-02 17:26;25680;129393016;25680;129393016
1635863220;2021-11-02 17:27;22848;122878744;22848;122878744
1635863280;2021-11-02 17:28;38824;122782248;38824;122782248
1635863340;2021-11-02 17:29;30248;114975280;30248;114975280
1635863400;2021-11-02 17:30;25280;139973936;25280;139973936
1635863460;2021-11-02 17:31;25936;179802160;25936;179802160
1635863520;2021-11-02 17:32;26704;161753056;26704;161753056
1635863580;2021-11-02 17:33;22720;126576920;22720;126576920
1635863640;2021-11-02 17:34;22016;127497096;22016;127497096
1635863700;2021-11-02 17:35;27624;109065552;27624;109065552
1635863760;2021-11-02 17:36;25680;112494696;25680;112494696
1635863820;2021-11-02 17:37;24528;110214824;24528;110214824
1635863880;2021-11-02 17:38;23600;118266752;23600;118266752
1635863940;2021-11-02 17:39;20448;115260528;20448;115260528
1635864000;2021-11-02 17:40;23592;110826944;23592;110826944
1635864060;2021-11-02 17:41;20952;115984808;20952;115984808
1635864120;2021-11-02 17:42;30904;107738760;30904;107738760
1635864180;2021-11-02 17:43;26520;100365824;26520;100365824
1635864240;2021-11-02 17:44;23168;98750424;23168;98750424
1635864300;2021-11-02 17:45;22896;95662528;22896;95662528
1635864360;2021-11-02 17:46;24464;91401344;24464;91401344
1635864420;2021-11-02 17:47;23736;108169904;23736;108169904
1635864480;2021-11-02 17:48;27168;106525176;27168;106525176
1635864540;2021-11-02 17:49;23064;104590768;23064;104590768
1635864600;2021-11-02 17:50;21480;124815032;21480;124815032
1635864660;2021-11-02 17:51;21208;113994704;21208;113994704
1635864720;2021-11-02 17:52;24104;123345496;24104;123345496
1635864780;2021-11-02 17:53;21560;119742040;21560;119742040
1635864840;2021-11-02 17:54;21872;111575376;21872;111575376
1635864900;2021-11-02 17:55;28768;104932880;28768;104932880
1635864960;2021-11-02 17:56;23976;107288368;23976;107288368
1635865020;2021-11-02 17:57;21384;118825256;21384;118825256
1635865080;2021-11-02 17:58;20864;107937392;20864;107937392
1635865140;2021-11-02 17:59;17216;108274376;17216;108274376
1635865200;2021-11-02 18:00;20008;102379096;20008;102379096
1635865260;2021-11-02 18:01;20856;114229592;20856;114229592
1635865320;2021-11-02 18:02;18656;115605440;18656;115605440
1635865380;2021-11-02 18:03;20632;119061792;20632;119061792
1635865440;2021-11-02 18:04;19560;119787048;19560;119787048
1635865500;2021-11-02 18:05;20024;119226312;20024;119226312
1635865560;2021-11-02 18:06;14928;117064376;14928;117064376
1635865620;2021-11-02 18:07;18624;112059224;18624;112059224
1635865680;2021-11-02 18:08;16000;120981656;16000;120981656
1635865740;2021-11-02 18:09;15960;122014456;15960;122014456
1635865800;2021-11-02 18:10;23608;113797056;23608;113797056
1635865860;2021-11-02 18:11;24160;127126576;24160;127126576
1635865920;2021-11-02 18:12;24568;137034832;24568;137034832
1635865980;2021-11-02 18:13;21832;131984584;21832;131984584
1635866040;2021-11-02 18:14;24184;135504864;24184;135504864
1635866100;2021-11-02 18:15;23104;136241624;23104;136241624
1635866160;2021-11-02 18:16;22640;135860904;22640;135860904
1635866220;2021-11-02 18:17;28200;159235592;28200;159235592
1635866280;2021-11-02 18:18;23024;162659024;23024;162659024
1635866340;2021-11-02 18:19;15680;153379112;15680;153379112
1635866400;2021-11-02 18:20;18528;134702184;18528;134702184
1635866460;2021-11-02 18:21;17944;133679480;17944;133679480
1635866520;2021-11-02 18:22;23072;137947504;23072;137947504
1635866580;2021-11-02 18:23;20648;149296784;20648;149296784
1635866640;2021-11-02 18:24;18344;131125976;18344;131125976
1635866700;2021-11-02 18:25;21072;156351128;21072;156351128
1635866760;2021-11-02 18:26;26632;128853048;26632;128853048
1635866820;2021-11-02 18:27;25568;130045272;25568;130045272
1635866880;2021-11-02 18:28;25912;124860128;25912;124860128
1635866940;2021-11-02 18:29;28440;118739600;28440;118739600
1635867000;2021-11-02 18:30;28784;129461960;28784;129461960
1635867060;2021-11-02 18:31;23368;141173520;23368;141173520
1635867120;2021-11-02 18:32;25240;130833200;25240;130833200
1635867180;2021-11-02 18:33;24896;135533848;24896;135533848
1635867240;2021-11-02 18:34;22088;140647224;22088;140647224
1635867300;2021-11-02 18:35;27432;155009864;27432;155009864
1635867360;2021-11-02 18:36;25416;139309352;25416;139309352
1635867420;2021-11-02 18:37;23144;152702320;23144;152702320
1635867480;2021-11-02 18:38;18320;181151840;18320;181151840
1635867540;2021-11-02 18:39;22200;154254680;22200;154254680
1635867600;2021-11-02 18:40;27128;154471264;27128;154471264
1635867660;2021-11-02 18:41;25920;156161928;25920;156161928
1635867720;2021-11-02 18:42;25312;147110288;25312;147110288
1635867780;2021-11-02 18:43;25264;149413808;25264;149413808
1635867840;2021-11-02 18:44;25632;150548560;25632;150548560
1635867900;2021-11-02 18:45;24336;159093064;24336;159093064
1635867960;2021-11-02 18:46;25080;167510952;25080;167510952
1635868020;2021-11-02 18:47;27120;167157520;27120;167157520
1635868080;2021-11-02 18:48;26488;171452376;26488;171452376
1635868140;2021-11-02 18:49;27608;168910184;27608;168910184
1635868200;2021-11-02 18:50;30920;165609224;30920;165609224
1635868260;2021-11-02 18:51;22576;188138456;22576;188138456
1635868320;2021-11-02 18:52;21712;195948808;21712;195948808
1635868380;2021-11-02 18:53;19248;221261624;19248;221261624
1635868440;2021-11-02 18:54;25368;177788000;25368;177788000
1635868500;2021-11-02 18:55;22352;177746024;22352;177746024
1635868560;2021-11-02 18:56;21848;177524336;21848;177524336
1635868620;2021-11-02 18:57;26200;177052200;26200;177052200
1635868680;2021-11-02 18:58;23608;174013056;23608;174013056
1635868740;2021-11-02 18:59;23512;166339480;23512;166339480
1635868800;2021-11-02 19:00;27736;164129112;27736;164129112
1635868860;2021-11-02 19:01;26240;172041704;26240;172041704
1635868920;2021-11-02 19:02;24216;183496320;24216;183496320
1635868980;2021-11-02 19:03;24672;167806472;24672;167806472
1635869040;2021-11-02 19:04;21936;161794696;21936;161794696
1635869100;2021-11-02 19:05;23752;173996096;23752;173996096
1635869160;2021-11-02 19:06;24712;167447088;24712;167447088
1635869220;2021-11-02 19:07;25792;182952192;25792;182952192
1635869280;2021-11-02 19:08;27144;172467304;27144;172467304
1635869340;2021-11-02 19:09;25320;161176472;25320;161176472
1635869400;2021-11-02 19:10;23048;159587016;23048;159587016
1635869460;2021-11-02 19:11;23568;154949408;23568;154949408
1635869520;2021-11-02 19:12;23792;163304264;23792;163304264
1635869580;2021-11-02 19:13;22880;167221632;22880;167221632
1635869640;2021-11-02 19:14;19496;180695192;19496;180695192
1635869700;2021-11-02 19:15;25224;200954072;25224;200954072
1635869760;2021-11-02 19:16;40416;188258584;40416;188258584
1635869820;2021-11-02 19:17;26984;180475736;26984;180475736
1635869880;2021-11-02 19:18;27136;215706808;27136;215706808
1635869940;2021-11-02 19:19;26840;204827360;26840;204827360
1635870000;2021-11-02 19:20;27184;243195440;27184;243195440
1635870060;2021-11-02 19:21;28168;214936808;28168;214936808
1635870120;2021-11-02 19:22;36792;188502976;36792;188502976
1635870180;2021-11-02 19:23;30176;182826440;30176;182826440
1635870240;2021-11-02 19:24;17464;180218104;17464;180218104
1635870300;2021-11-02 19:25;17328;169143032;17328;169143032
1635870360;2021-11-02 19:26;22512;201299912;22512;201299912
1635870420;2021-11-02 19:27;19792;198877040;19792;198877040
1635870480;2021-11-02 19:28;19488;185113184;19488;185113184
1635870540;2021-11-02 19:29;21040;188652024;21040;188652024
1635870600;2021-11-02 19:30;26096;228781216;26096;228781216
1635870660;2021-11-02 19:31;27080;202866904;27080;202866904
1635870720;2021-11-02 19:32;25928;181652584;25928;181652584
1635870780;2021-11-02 19:33;25224;196722392;25224;196722392
1635870840;2021-11-02 19:34;24056;194473784;24056;194473784
1635870900;2021-11-02 19:35;25080;192921872;25080;192921872
1635870960;2021-11-02 19:36;21976;180542616;21976;180542616
1635871020;2021-11-02 19:37;25008;192836800;25008;192836800
1635871080;2021-11-02 19:38;23704;185753952;23704;185753952
1635871140;2021-11-02 19:39;20480;191886904;20480;191886904
1635871200;2021-11-02 19:40;23920;177764632;23920;177764632
1635871260;2021-11-02 19:41;25488;177175912;25488;177175912
1635871320;2021-11-02 19:42;23392;166590248;23392;166590248
1635871380;2021-11-02 19:43;22424;194848480;22424;194848480
1635871440;2021-11-02 19:44;15824;181837128;15824;181837128
1635871500;2021-11-02 19:45;24832;180612160;24832;180612160
1635871560;2021-11-02 19:46;25936;183944352;25936;183944352
1635871620;2021-11-02 19:47;23000;159463296;23000;159463296
1635871680;2021-11-02 19:48;22144;168752096;22144;168752096
1635871740;2021-11-02 19:49;25264;172026352;25264;172026352
1635871800;2021-11-02 19:50;22976;178191200;22976;178191200
1635871860;2021-11-02 19:51;23624;172723448;23624;172723448
1635871920;2021-11-02 19:52;27544;174762424;27544;174762424
1635871980;2021-11-02 19:53;23000;166589272;23000;166589272
1635872040;2021-11-02 19:54;26272;173204632;26272;173204632
1635872100;2021-11-02 19:55;27728;171692072;27728;171692072
1635872160;2021-11-02 19:56;21352;173362488;21352;173362488
1635872220;2021-11-02 19:57;22584;172427696;22584;172427696
1635872280;2021-11-02 19:58;24256;173772344;24256;173772344
1635872340;2021-11-02 19:59;25736;159968360;25736;159968360
1635872400;2021-11-02 20:00;25840;168301888;25840;168301888
1635872460;2021-11-02 20:01;27928;159953088;27928;159953088
1635872520;2021-11-02 20:02;22656;175118216;22656;175118216
1635872580;2021-11-02 20:03;24360;180752296;24360;180752296
1635872640;2021-11-02 20:04;25504;172842208;25504;172842208
1635872700;2021-11-02 20:05;21520;175851168;21520;175851168
1635872760;2021-11-02 20:06;24312;181761232;24312;181761232
1635872820;2021-11-02 20:07;25376;178794456;25376;178794456
1635872880;2021-11-02 20:08;25472;171634720;25472;171634720
1635872940;2021-11-02 20:09;24368;166958704;24368;166958704
1635873000;2021-11-02 20:10;23856;175966104;23856;175966104
1635873060;2021-11-02 20:11;25616;172415520;25616;172415520
1635873120;2021-11-02 20:12;26504;177594488;26504;177594488
1635873180;2021-11-02 20:13;22488;186616640;22488;186616640
1635873240;2021-11-02 20:14;26888;260882264;26888;260882264
1635873300;2021-11-02 20:15;26808;222653768;26808;222653768
1635873360;2021-11-02 20:16;25552;195829248;25552;195829248
1635873420;2021-11-02 20:17;26032;200356568;26032;200356568
1635873480;2021-11-02 20:18;21576;174296200;21576;174296200
1635873540;2021-11-02 20:19;25720;164907224;25720;164907224
1635873600;2021-11-02 20:20;22800;176999456;22800;176999456
1635873660;2021-11-02 20:21;19776;177542816;19776;177542816
1635873720;2021-11-02 20:22;22320;218010536;22320;218010536
1635873780;2021-11-02 20:23;22368;206446960;22368;206446960
1635873840;2021-11-02 20:24;30560;196842840;30560;196842840
1635873900;2021-11-02 20:25;25232;216538472;25232;216538472
1635873960;2021-11-02 20:26;23624;230722112;23624;230722112
1635874020;2021-11-02 20:27;25528;240449352;25528;240449352
1635874080;2021-11-02 20:28;24416;208932552;24416;208932552
1635874140;2021-11-02 20:29;25248;232964792;25248;232964792
1635874200;2021-11-02 20:30;25480;200051432;25480;200051432
1635874260;2021-11-02 20:31;44592;212817472;44592;212817472
1635874320;2021-11-02 20:32;20760;250261416;20760;250261416
1635874380;2021-11-02 20:33;26184;198489776;26184;198489776
1635874440;2021-11-02 20:34;26840;202124440;26840;202124440
1635874500;2021-11-02 20:35;22224;217377560;22224;217377560
1635874560;2021-11-02 20:36;23360;214247912;23360;214247912
1635874620;2021-11-02 20:37;19936;202795920;19936;202795920
1635874680;2021-11-02 20:38;23752;184794448;23752;184794448
1635874740;2021-11-02 20:39;20904;191942568;20904;191942568
1635874800;2021-11-02 20:40;22928;177261472;22928;177261472
1635874860;2021-11-02 20:41;22320;201601264;22320;201601264
1635874920;2021-11-02 20:42;22824;190468056;22824;190468056
1635874980;2021-11-02 20:43;25960;187591104;25960;187591104
1635875040;2021-11-02 20:44;24080;185761368;24080;185761368
1635875100;2021-11-02 20:45;23008;182667936;23008;182667936
1635875160;2021-11-02 20:46;28176;201301424;28176;201301424
1635875220;2021-11-02 20:47;27096;197119256;27096;197119256
1635875280;2021-11-02 20:48;27576;180249408;27576;180249408
1635875340;2021-11-02 20:49;21392;197205408;21392;197205408
1635875400;2021-11-02 20:50;20080;189521200;20080;189521200
1635875460;2021-11-02 20:51;23080;195415216;23080;195415216
1635875520;2021-11-02 20:52;21544;211123608;21544;211123608
1635875580;2021-11-02 20:53;32056;196070808;32056;196070808
1635875640;2021-11-02 20:54;21248;190327688;21248;190327688
1635875700;2021-11-02 20:55;27520;193170040;27520;193170040
1635875760;2021-11-02 20:56;23816;168188560;23816;168188560
1635875820;2021-11-02 20:57;23968;189758304;23968;189758304
1635875880;2021-11-02 20:58;29024;241775744;29024;241775744
1635875940;2021-11-02 20:59;24336;199924584;24336;199924584
1635876000;2021-11-02 21:00;29296;239372272;29296;239372272
1635876060;2021-11-02 21:01;28736;222477480;28736;222477480
1635876120;2021-11-02 21:02;25888;191783592;25888;191783592
1635876180;2021-11-02 21:03;23416;191412624;23416;191412624
1635876240;2021-11-02 21:04;26032;211176256;26032;211176256
1635876300;2021-11-02 21:05;24160;257519824;24160;257519824
1635876360;2021-11-02 21:06;22808;209401072;22808;209401072
1635876420;2021-11-02 21:07;23064;198530336;23064;198530336
1635876480;2021-11-02 21:08;28904;201911376;28904;201911376
1635876540;2021-11-02 21:09;23648;191332512;23648;191332512
1635876600;2021-11-02 21:10;25816;183083784;25816;183083784
1635876660;2021-11-02 21:11;27456;185900128;27456;185900128
1635876720;2021-11-02 21:12;22192;207184128;22192;207184128
1635876780;2021-11-02 21:13;22568;196468768;22568;196468768
1635876840;2021-11-02 21:14;23152;186790936;23152;186790936
1635876900;2021-11-02 21:15;21424;192282272;21424;192282272
1635876960;2021-11-02 21:16;20608;188671256;20608;188671256
1635877020;2021-11-02 21:17;27752;205349840;27752;205349840
1635877080;2021-11-02 21:18;21240;211984312;21240;211984312
1635877140;2021-11-02 21:19;26320;222432024;26320;222432024
1635877200;2021-11-02 21:20;16896;225284624;16896;225284624
1635877260;2021-11-02 21:21;18584;221383560;18584;221383560
1635877320;2021-11-02 21:22;22464;224441376;22464;224441376
1635877380;2021-11-02 21:23;23592;204034216;23592;204034216
1635877440;2021-11-02 21:24;34688;192170824;34688;192170824
1635877500;2021-11-02 21:25;26912;234668624;26912;234668624
1635877560;2021-11-02 21:26;43048;220327200;43048;220327200
1635877620;2021-11-02 21:27;31648;210696296;31648;210696296
1635877680;2021-11-02 21:28;33312;215574208;33312;215574208
1635877740;2021-11-02 21:29;30680;196118816;30680;196118816
1635877800;2021-11-02 21:30;26944;200064136;26944;200064136
1635877860;2021-11-02 21:31;23440;224943328;23440;224943328
1635877920;2021-11-02 21:32;22432;238661320;22432;238661320
1635877980;2021-11-02 21:33;28320;227030760;28320;227030760
1635878040;2021-11-02 21:34;21088;229017240;21088;229017240
1635878100;2021-11-02 21:35;25248;229657256;25248;229657256
1635878160;2021-11-02 21:36;24408;212917608;24408;212917608
1635878220;2021-11-02 21:37;23520;207833536;23520;207833536
1635878280;2021-11-02 21:38;21360;218611800;21360;218611800
1635878340;2021-11-02 21:39;24160;195576408;24160;195576408
1635878400;2021-11-02 21:40;24384;226853616;24384;226853616
1635878460;2021-11-02 21:41;24328;212083720;24328;212083720
1635878520;2021-11-02 21:42;24024;202754056;24024;202754056
1635878580;2021-11-02 21:43;21760;196717952;21760;196717952
1635878640;2021-11-02 21:44;22592;200561864;22592;200561864
1635878700;2021-11-02 21:45;24432;226638816;24432;226638816
1635878760;2021-11-02 21:46;25728;217118592;25728;217118592
1635878820;2021-11-02 21:47;25856;198982560;25856;198982560
1635878880;2021-11-02 21:48;26440;198381872;26440;198381872
1635878940;2021-11-02 21:49;27264;187489624;27264;187489624
1635879000;2021-11-02 21:50;26000;197404152;26000;197404152
1635879060;2021-11-02 21:51;30512;201236784;30512;201236784
1635879120;2021-11-02 21:52;26544;189948216;26544;189948216
1635879180;2021-11-02 21:53;19112;221021864;19112;221021864
1635879240;2021-11-02 21:54;28936;197536288;28936;197536288
1635879300;2021-11-02 21:55;27968;215871864;27968;215871864
1635879360;2021-11-02 21:56;32584;190757952;32584;190757952
1635879420;2021-11-02 21:57;24080;214555192;24080;214555192
1635879480;2021-11-02 21:58;21040;212968376;21040;212968376
1635879540;2021-11-02 21:59;29128;196039312;29128;196039312
1635879600;2021-11-02 22:00;26136;199888728;26136;199888728
1635879660;2021-11-02 22:01;27848;209957968;27848;209957968
1635879720;2021-11-02 22:02;28664;215243888;28664;215243888
1635879780;2021-11-02 22:03;23048;219645352;23048;219645352
1635879840;2021-11-02 22:04;23232;214724800;23232;214724800
1635879900;2021-11-02 22:05;29536;198183576;29536;198183576
1635879960;2021-11-02 22:06;27760;209248424;27760;209248424
1635880020;2021-11-02 22:07;29640;199932424;29640;199932424
1635880080;2021-11-02 22:08;20808;193818720;20808;193818720
1635880140;2021-11-02 22:09;23208;186669064;23208;186669064
1635880200;2021-11-02 22:10;22480;201945368;22480;201945368
1635880260;2021-11-02 22:11;24832;192044768;24832;192044768
1635880320;2021-11-02 22:12;23544;132431328;23544;132431328
1635880380;2021-11-02 22:13;20776;195611360;20776;195611360
1635880440;2021-11-02 22:14;30888;168379440;30888;168379440
1635880500;2021-11-02 22:15;38128;183635192;38128;183635192
1635880560;2021-11-02 22:16;20344;187684632;20344;187684632
1635880620;2021-11-02 22:17;20304;190918816;20304;190918816
1635880680;2021-11-02 22:18;19512;214883920;19512;214883920
1635880740;2021-11-02 22:19;20264;195269168;20264;195269168
1635880800;2021-11-02 22:20;29960;192706224;29960;192706224
1635880860;2021-11-02 22:21;26408;211191512;26408;211191512
1635880920;2021-11-02 22:22;23912;222454752;23912;222454752
1635880980;2021-11-02 22:23;22344;231994112;22344;231994112
1635881040;2021-11-02 22:24;19720;203671488;19720;203671488
1635881100;2021-11-02 22:25;24392;236349984;24392;236349984
1635881160;2021-11-02 22:26;22936;215325056;22936;215325056
1635881220;2021-11-02 22:27;25944;209596240;25944;209596240
1635881280;2021-11-02 22:28;22736;212895160;22736;212895160
1635881340;2021-11-02 22:29;21744;202615336;21744;202615336
1635881400;2021-11-02 22:30;19376;235485824;19376;235485824
1635881460;2021-11-02 22:31;20288;204319296;20288;204319296
1635881520;2021-11-02 22:32;24648;207355264;24648;207355264
1635881580;2021-11-02 22:33;23416;183795944;23416;183795944
1635881640;2021-11-02 22:34;22984;169645104;22984;169645104
1635881700;2021-11-02 22:35;31544;184265160;31544;184265160
1635881760;2021-11-02 22:36;25856;179920248;25856;179920248
1635881820;2021-11-02 22:37;23304;193683712;23304;193683712
1635881880;2021-11-02 22:38;20872;192342192;20872;192342192
1635881940;2021-11-02 22:39;28584;204565760;28584;204565760
1635882000;2021-11-02 22:40;26704;218576648;26704;218576648
1635882060;2021-11-02 22:41;20560;216894672;20560;216894672
1635882120;2021-11-02 22:42;19680;221875104;19680;221875104
1635882180;2021-11-02 22:43;33696;227371528;33696;227371528
1635882240;2021-11-02 22:44;21896;222607216;21896;222607216
1635882300;2021-11-02 22:45;22160;194457504;22160;194457504
1635882360;2021-11-02 22:46;24192;193050248;24192;193050248
1635882420;2021-11-02 22:47;24232;218211880;24232;218211880
1635882480;2021-11-02 22:48;31120;203439664;31120;203439664
1635882540;2021-11-02 22:49;31680;208125144;31680;208125144
1635882600;2021-11-02 22:50;37696;208376360;37696;208376360
1635882660;2021-11-02 22:51;27856;226298592;27856;226298592
1635882720;2021-11-02 22:52;29448;246610464;29448;246610464
1635882780;2021-11-02 22:53;55888;239487040;55888;239487040
1635882840;2021-11-02 22:54;30736;217360104;30736;217360104
1635882900;2021-11-02 22:55;23208;256007640;23208;256007640
1635882960;2021-11-02 22:56;23872;247072832;23872;247072832
1635883020;2021-11-02 22:57;24976;254471160;24976;254471160
1635883080;2021-11-02 22:58;25264;245497368;25264;245497368
1635883140;2021-11-02 22:59;22224;237201888;22224;237201888
1635883200;2021-11-02 23:00;24944;230846872;24944;230846872
1635883260;2021-11-02 23:01;19136;251152784;19136;251152784
1635883320;2021-11-02 23:02;24144;246737616;24144;246737616
1635883380;2021-11-02 23:03;20704;249909040;20704;249909040
1635883440;2021-11-02 23:04;14944;261050040;14944;261050040
1635883500;2021-11-02 23:05;21440;266461680;21440;266461680
1635883560;2021-11-02 23:06;26760;273297968;26760;273297968
1635883620;2021-11-02 23:07;54096;259199088;54096;259199088
1635883680;2021-11-02 23:08;52856;259769192;52856;259769192
1635883740;2021-11-02 23:09;23736;278361552;23736;278361552
1635883800;2021-11-02 23:10;22320;258094024;22320;258094024
1635883860;2021-11-02 23:11;24000;267677672;24000;267677672
1635883920;2021-11-02 23:12;24016;273346848;24016;273346848
1635883980;2021-11-02 23:13;22344;273637096;22344;273637096
1635884040;2021-11-02 23:14;23912;273699360;23912;273699360
1635884100;2021-11-02 23:15;19344;251667488;19344;251667488
1635884160;2021-11-02 23:16;22264;236996432;22264;236996432
1635884220;2021-11-02 23:17;21480;266655112;21480;266655112
1635884280;2021-11-02 23:18;18856;239738016;18856;239738016
1635884340;2021-11-02 23:19;20136;224855448;20136;224855448
1635884400;2021-11-02 23:20;17920;240479248;17920;240479248
1635884460;2021-11-02 23:21;21840;220271160;21840;220271160
1635884520;2021-11-02 23:22;23264;231521064;23264;231521064
1635884580;2021-11-02 23:23;21856;236826944;21856;236826944
1635884640;2021-11-02 23:24;30096;240665504;30096;240665504
1635884700;2021-11-02 23:25;21416;259577000;21416;259577000
1635884760;2021-11-02 23:26;21928;235565336;21928;235565336
1635884820;2021-11-02 23:27;21360;234056936;21360;234056936
1635884880;2021-11-02 23:28;36464;254056840;36464;254056840
1635884940;2021-11-02 23:29;23600;235513656;23600;235513656
1635885000;2021-11-02 23:30;25224;245112632;25224;245112632
1635885060;2021-11-02 23:31;24696;260874440;24696;260874440
1635885120;2021-11-02 23:32;23296;242035872;23296;242035872
1635885180;2021-11-02 23:33;20576;238263672;20576;238263672
1635885240;2021-11-02 23:34;21520;222008232;21520;222008232
1635885300;2021-11-02 23:35;18872;215841616;18872;215841616
1635885360;2021-11-02 23:36;19064;212474120;19064;212474120
1635885420;2021-11-02 23:37;23552;212108848;23552;212108848
1635885480;2021-11-02 23:38;21608;220860864;21608;220860864
1635885540;2021-11-02 23:39;20352;217144408;20352;217144408
1635885600;2021-11-02 23:40;21744;211427240;21744;211427240
1635885660;2021-11-02 23:41;18168;200114520;18168;200114520
1635885720;2021-11-02 23:42;16680;192665024;16680;192665024
1635885780;2021-11-02 23:43;19440;186386872;19440;186386872
1635885840;2021-11-02 23:44;19560;192830296;19560;192830296
1635885900;2021-11-02 23:45;19720;192616648;19720;192616648
1635885960;2021-11-02 23:46;20504;201122640;20504;201122640
1635886020;2021-11-02 23:47;19304;187208472;19304;187208472
1635886080;2021-11-02 23:48;20792;204866784;20792;204866784
1635886140;2021-11-02 23:49;19296;196337296;19296;196337296
1635886200;2021-11-02 23:50;20264;198555920;20264;198555920
1635886260;2021-11-02 23:51;20776;187093392;20776;187093392
1635886320;2021-11-02 23:52;22784;169805928;22784;169805928
1635886380;2021-11-02 23:53;18232;184409096;18232;184409096
1635886440;2021-11-02 23:54;20712;175476088;20712;175476088
1635886500;2021-11-02 23:55;22008;157001352;22008;157001352
1635886560;2021-11-02 23:56;25216;159452384;25216;159452384
1635886620;2021-11-02 23:57;20736;146468472;20736;146468472
1635886680;2021-11-02 23:58;21352;147587320;21352;147587320
1635886740;2021-11-02 23:59;20688;148701344;20688;148701344
