Timestamp;DateTime;Pirog17-cr1_ae3.445(AS49869 Piter-IX MSK)_tx;Pirog17-cr1_ae3.445(AS49869 Piter-IX MSK)_rx;Aggregated_tx;Aggregated_rx
1638133200;2021-11-29 00:00;141748520;745609968;141748520;745609968
1638133260;2021-11-29 00:01;138136600;839305912;138136600;839305912
1638133320;2021-11-29 00:02;142102856;847203296;142102856;847203296
1638133380;2021-11-29 00:03;135109680;858587072;135109680;858587072
1638133440;2021-11-29 00:04;155803056;615438952;155803056;615438952
1638133500;2021-11-29 00:05;136701240;587386632;136701240;587386632
1638133560;2021-11-29 00:06;200186240;670700736;200186240;670700736
1638133620;2021-11-29 00:07;146140264;715475416;146140264;715475416
1638133680;2021-11-29 00:08;135329456;720149184;135329456;720149184
1638133740;2021-11-29 00:09;128333600;654932904;128333600;654932904
1638133800;2021-11-29 00:10;132617200;620508912;132617200;620508912
1638133860;2021-11-29 00:11;171753344;698179480;171753344;698179480
1638133920;2021-11-29 00:12;153283360;619222984;153283360;619222984
1638133980;2021-11-29 00:13;140345056;679628304;140345056;679628304
1638134040;2021-11-29 00:14;134974256;655520712;134974256;655520712
1638134100;2021-11-29 00:15;233936120;677749216;233936120;677749216
1638134160;2021-11-29 00:16;464424952;699000672;464424952;699000672
1638134220;2021-11-29 00:17;325804848;668779792;325804848;668779792
1638134280;2021-11-29 00:18;156801072;669216984;156801072;669216984
1638134340;2021-11-29 00:19;137990264;762387984;137990264;762387984
1638134400;2021-11-29 00:20;125965432;650828008;125965432;650828008
1638134460;2021-11-29 00:21;168257424;701744264;168257424;701744264
1638134520;2021-11-29 00:22;204945512;658616528;204945512;658616528
1638134580;2021-11-29 00:23;196682056;712070928;196682056;712070928
1638134640;2021-11-29 00:24;216281576;732078648;216281576;732078648
1638134700;2021-11-29 00:25;149356624;682456280;149356624;682456280
1638134760;2021-11-29 00:26;169664832;722317256;169664832;722317256
1638134820;2021-11-29 00:27;155508032;736119072;155508032;736119072
1638134880;2021-11-29 00:28;134178160;657230488;134178160;657230488
1638134940;2021-11-29 00:29;132555728;726675152;132555728;726675152
1638135000;2021-11-29 00:30;138571016;651111392;138571016;651111392
1638135060;2021-11-29 00:31;159554160;711903008;159554160;711903008
1638135120;2021-11-29 00:32;166006264;735541152;166006264;735541152
1638135180;2021-11-29 00:33;171638904;684656576;171638904;684656576
1638135240;2021-11-29 00:34;164145088;672000432;164145088;672000432
1638135300;2021-11-29 00:35;161244896;651066128;161244896;651066128
1638135360;2021-11-29 00:36;179896640;688878568;179896640;688878568
1638135420;2021-11-29 00:37;160391440;618159944;160391440;618159944
1638135480;2021-11-29 00:38;165048056;587627480;165048056;587627480
1638135540;2021-11-29 00:39;175946632;620602320;175946632;620602320
1638135600;2021-11-29 00:40;158135056;686243448;158135056;686243448
1638135660;2021-11-29 00:41;169148392;671300544;169148392;671300544
1638135720;2021-11-29 00:42;165036952;635635608;165036952;635635608
1638135780;2021-11-29 00:43;173198760;742077256;173198760;742077256
1638135840;2021-11-29 00:44;201455792;625117880;201455792;625117880
1638135900;2021-11-29 00:45;213182624;632010208;213182624;632010208
1638135960;2021-11-29 00:46;228678952;1045279304;228678952;1045279304
1638136020;2021-11-29 00:47;204831864;674547800;204831864;674547800
1638136080;2021-11-29 00:48;189887504;629579664;189887504;629579664
1638136140;2021-11-29 00:49;152385152;610316712;152385152;610316712
1638136200;2021-11-29 00:50;153801128;629600560;153801128;629600560
1638136260;2021-11-29 00:51;201654856;636390128;201654856;636390128
1638136320;2021-11-29 00:52;170467592;652745536;170467592;652745536
1638136380;2021-11-29 00:53;173184112;646301616;173184112;646301616
1638136440;2021-11-29 00:54;165815160;587764096;165815160;587764096
1638136500;2021-11-29 00:55;148326488;610971144;148326488;610971144
1638136560;2021-11-29 00:56;206215304;670604048;206215304;670604048
1638136620;2021-11-29 00:57;201543736;652824064;201543736;652824064
1638136680;2021-11-29 00:58;138637208;657884088;138637208;657884088
1638136740;2021-11-29 00:59;119699872;606488904;119699872;606488904
1638136800;2021-11-29 01:00;115587096;602997384;115587096;602997384
1638136860;2021-11-29 01:01;116086816;677949808;116086816;677949808
1638136920;2021-11-29 01:02;118625488;667378880;118625488;667378880
1638136980;2021-11-29 01:03;112503552;715549440;112503552;715549440
1638137040;2021-11-29 01:04;112792168;682608672;112792168;682608672
1638137100;2021-11-29 01:05;122144696;614958304;122144696;614958304
1638137160;2021-11-29 01:06;122136264;772635904;122136264;772635904
1638137220;2021-11-29 01:07;113958832;695714952;113958832;695714952
1638137280;2021-11-29 01:08;117451432;680721704;117451432;680721704
1638137340;2021-11-29 01:09;113415304;657669960;113415304;657669960
1638137400;2021-11-29 01:10;113095120;600838208;113095120;600838208
1638137460;2021-11-29 01:11;115685416;658149768;115685416;658149768
1638137520;2021-11-29 01:12;121893432;673995864;121893432;673995864
1638137580;2021-11-29 01:13;117649680;554229464;117649680;554229464
1638137640;2021-11-29 01:14;112104000;611773680;112104000;611773680
1638137700;2021-11-29 01:15;107857552;515518680;107857552;515518680
1638137760;2021-11-29 01:16;137906136;552445896;137906136;552445896
1638137820;2021-11-29 01:17;128675248;546000400;128675248;546000400
1638137880;2021-11-29 01:18;107307048;491455120;107307048;491455120
1638137940;2021-11-29 01:19;117335608;546813528;117335608;546813528
1638138000;2021-11-29 01:20;101978728;476055432;101978728;476055432
1638138060;2021-11-29 01:21;134266184;532410536;134266184;532410536
1638138120;2021-11-29 01:22;124685360;569909560;124685360;569909560
1638138180;2021-11-29 01:23;123508688;505487744;123508688;505487744
1638138240;2021-11-29 01:24;105583296;475802840;105583296;475802840
1638138300;2021-11-29 01:25;128873488;471518960;128873488;471518960
1638138360;2021-11-29 01:26;143842232;653115768;143842232;653115768
1638138420;2021-11-29 01:27;121313944;580302032;121313944;580302032
1638138480;2021-11-29 01:28;131099032;476182376;131099032;476182376
1638138540;2021-11-29 01:29;132460224;471020432;132460224;471020432
1638138600;2021-11-29 01:30;130753432;457162800;130753432;457162800
1638138660;2021-11-29 01:31;130876272;503619272;130876272;503619272
1638138720;2021-11-29 01:32;112493264;459325536;112493264;459325536
1638138780;2021-11-29 01:33;113507920;484904296;113507920;484904296
1638138840;2021-11-29 01:34;121835160;496634696;121835160;496634696
1638138900;2021-11-29 01:35;111073400;488051928;111073400;488051928
1638138960;2021-11-29 01:36;180502904;536951688;180502904;536951688
1638139020;2021-11-29 01:37;112642568;444632696;112642568;444632696
1638139080;2021-11-29 01:38;112275856;469340752;112275856;469340752
1638139140;2021-11-29 01:39;123852496;425310648;123852496;425310648
1638139200;2021-11-29 01:40;101809040;441845656;101809040;441845656
1638139260;2021-11-29 01:41;102326536;434997344;102326536;434997344
1638139320;2021-11-29 01:42;103024120;393858592;103024120;393858592
1638139380;2021-11-29 01:43;120645336;393444024;120645336;393444024
1638139440;2021-11-29 01:44;114845608;375238408;114845608;375238408
1638139500;2021-11-29 01:45;197498568;385476528;197498568;385476528
1638139560;2021-11-29 01:46;171425584;416680984;171425584;416680984
1638139620;2021-11-29 01:47;99296376;364690520;99296376;364690520
1638139680;2021-11-29 01:48;100203880;371183024;100203880;371183024
1638139740;2021-11-29 01:49;100874016;403545216;100874016;403545216
1638139800;2021-11-29 01:50;101980688;387800360;101980688;387800360
1638139860;2021-11-29 01:51;118092432;485704552;118092432;485704552
1638139920;2021-11-29 01:52;118699424;423816216;118699424;423816216
1638139980;2021-11-29 01:53;106938992;404955072;106938992;404955072
1638140040;2021-11-29 01:54;131265600;369926112;131265600;369926112
1638140100;2021-11-29 01:55;100892752;382021688;100892752;382021688
1638140160;2021-11-29 01:56;126361000;433331224;126361000;433331224
1638140220;2021-11-29 01:57;149735536;374390088;149735536;374390088
1638140280;2021-11-29 01:58;111992720;402315856;111992720;402315856
1638140340;2021-11-29 01:59;118251552;402288112;118251552;402288112
1638140400;2021-11-29 02:00;90052704;369792232;90052704;369792232
1638140460;2021-11-29 02:01;129712496;473253088;129712496;473253088
1638140520;2021-11-29 02:02;98281176;389657288;98281176;389657288
1638140580;2021-11-29 02:03;92718968;355287208;92718968;355287208
1638140640;2021-11-29 02:04;88591944;370687448;88591944;370687448
1638140700;2021-11-29 02:05;93080856;300478040;93080856;300478040
1638140760;2021-11-29 02:06;98644024;314459760;98644024;314459760
1638140820;2021-11-29 02:07;86453760;311600888;86453760;311600888
1638140880;2021-11-29 02:08;123486888;362249856;123486888;362249856
1638140940;2021-11-29 02:09;95634936;325312880;95634936;325312880
1638141000;2021-11-29 02:10;89364848;305061632;89364848;305061632
1638141060;2021-11-29 02:11;89652472;323458256;89652472;323458256
1638141120;2021-11-29 02:12;85640272;338841256;85640272;338841256
1638141180;2021-11-29 02:13;92649008;342443016;92649008;342443016
1638141240;2021-11-29 02:14;97137768;446065936;97137768;446065936
1638141300;2021-11-29 02:15;88665656;294706928;88665656;294706928
1638141360;2021-11-29 02:16;91300256;346870280;91300256;346870280
1638141420;2021-11-29 02:17;107264936;317845280;107264936;317845280
1638141480;2021-11-29 02:18;90879056;338890272;90879056;338890272
1638141540;2021-11-29 02:19;86391320;334469728;86391320;334469728
1638141600;2021-11-29 02:20;86893464;308440736;86893464;308440736
1638141660;2021-11-29 02:21;104014784;325013280;104014784;325013280
1638141720;2021-11-29 02:22;91389528;322109360;91389528;322109360
1638141780;2021-11-29 02:23;94190216;358694328;94190216;358694328
1638141840;2021-11-29 02:24;93927832;362072376;93927832;362072376
1638141900;2021-11-29 02:25;97994952;301778464;97994952;301778464
1638141960;2021-11-29 02:26;131694112;315407552;131694112;315407552
1638142020;2021-11-29 02:27;89079808;294589440;89079808;294589440
1638142080;2021-11-29 02:28;93072376;288421544;93072376;288421544
1638142140;2021-11-29 02:29;83132848;282236328;83132848;282236328
1638142200;2021-11-29 02:30;82110208;294834896;82110208;294834896
1638142260;2021-11-29 02:31;87833576;331017528;87833576;331017528
1638142320;2021-11-29 02:32;83829288;305337440;83829288;305337440
1638142380;2021-11-29 02:33;80588128;296158776;80588128;296158776
1638142440;2021-11-29 02:34;110625632;328547456;110625632;328547456
1638142500;2021-11-29 02:35;340465640;371335472;340465640;371335472
1638142560;2021-11-29 02:36;156240896;282970816;156240896;282970816
1638142620;2021-11-29 02:37;187960472;289566328;187960472;289566328
1638142680;2021-11-29 02:38;86118144;333674096;86118144;333674096
1638142740;2021-11-29 02:39;94998920;300699928;94998920;300699928
1638142800;2021-11-29 02:40;189100968;307833976;189100968;307833976
1638142860;2021-11-29 02:41;195782224;328132984;195782224;328132984
1638142920;2021-11-29 02:42;285669952;339937376;285669952;339937376
1638142980;2021-11-29 02:43;301601696;335902048;301601696;335902048
1638143040;2021-11-29 02:44;298421304;272690680;298421304;272690680
1638143100;2021-11-29 02:45;223339456;308482752;223339456;308482752
1638143160;2021-11-29 02:46;121885296;312111608;121885296;312111608
1638143220;2021-11-29 02:47;89117808;298732712;89117808;298732712
1638143280;2021-11-29 02:48;110249376;289051864;110249376;289051864
1638143340;2021-11-29 02:49;107624984;302097440;107624984;302097440
1638143400;2021-11-29 02:50;98116016;287663824;98116016;287663824
1638143460;2021-11-29 02:51;114009488;279401960;114009488;279401960
1638143520;2021-11-29 02:52;86190104;285187784;86190104;285187784
1638143580;2021-11-29 02:53;109949344;271831008;109949344;271831008
1638143640;2021-11-29 02:54;97246920;281906056;97246920;281906056
1638143700;2021-11-29 02:55;86086568;271393328;86086568;271393328
1638143760;2021-11-29 02:56;94327168;336355848;94327168;336355848
1638143820;2021-11-29 02:57;83531232;247720328;83531232;247720328
1638143880;2021-11-29 02:58;83729496;299354328;83729496;299354328
1638143940;2021-11-29 02:59;78883744;285982808;78883744;285982808
1638144000;2021-11-29 03:00;76312648;236109136;76312648;236109136
1638144060;2021-11-29 03:01;84437520;312507696;84437520;312507696
1638144120;2021-11-29 03:02;73041912;217631904;73041912;217631904
1638144180;2021-11-29 03:03;73719792;288910120;73719792;288910120
1638144240;2021-11-29 03:04;71575448;259134680;71575448;259134680
1638144300;2021-11-29 03:05;96719304;250602224;96719304;250602224
1638144360;2021-11-29 03:06;176823520;254172512;176823520;254172512
1638144420;2021-11-29 03:07;119237656;230656416;119237656;230656416
1638144480;2021-11-29 03:08;75380256;250805136;75380256;250805136
1638144540;2021-11-29 03:09;81504624;235555328;81504624;235555328
1638144600;2021-11-29 03:10;71909072;220270816;71909072;220270816
1638144660;2021-11-29 03:11;77835944;220067336;77835944;220067336
1638144720;2021-11-29 03:12;74127448;272957992;74127448;272957992
1638144780;2021-11-29 03:13;74373568;247744616;74373568;247744616
1638144840;2021-11-29 03:14;76035280;281971736;76035280;281971736
1638144900;2021-11-29 03:15;69470256;236841136;69470256;236841136
1638144960;2021-11-29 03:16;81889328;288194240;81889328;288194240
1638145020;2021-11-29 03:17;77044920;245971736;77044920;245971736
1638145080;2021-11-29 03:18;73606920;238887472;73606920;238887472
1638145140;2021-11-29 03:19;70357512;243655272;70357512;243655272
1638145200;2021-11-29 03:20;71038632;244612208;71038632;244612208
1638145260;2021-11-29 03:21;78033656;261385488;78033656;261385488
1638145320;2021-11-29 03:22;71107136;224959760;71107136;224959760
1638145380;2021-11-29 03:23;75617952;254449648;75617952;254449648
1638145440;2021-11-29 03:24;79205408;230207888;79205408;230207888
1638145500;2021-11-29 03:25;70425720;241784976;70425720;241784976
1638145560;2021-11-29 03:26;75827656;253100208;75827656;253100208
1638145620;2021-11-29 03:27;79485192;298942008;79485192;298942008
1638145680;2021-11-29 03:28;75772072;318410920;75772072;318410920
1638145740;2021-11-29 03:29;74114520;213958568;74114520;213958568
1638145800;2021-11-29 03:30;72390264;198644296;72390264;198644296
1638145860;2021-11-29 03:31;77739808;236175136;77739808;236175136
1638145920;2021-11-29 03:32;74927504;229318040;74927504;229318040
1638145980;2021-11-29 03:33;72857728;234930160;72857728;234930160
1638146040;2021-11-29 03:34;70018112;233166072;70018112;233166072
1638146100;2021-11-29 03:35;77482384;440838992;77482384;440838992
1638146160;2021-11-29 03:36;80906368;894276016;80906368;894276016
1638146220;2021-11-29 03:37;81922320;728646472;81922320;728646472
1638146280;2021-11-29 03:38;76346640;496572976;76346640;496572976
1638146340;2021-11-29 03:39;76216192;723633248;76216192;723633248
1638146400;2021-11-29 03:40;74410432;789608888;74410432;789608888
1638146460;2021-11-29 03:41;77100352;552547136;77100352;552547136
1638146520;2021-11-29 03:42;74499456;530851968;74499456;530851968
1638146580;2021-11-29 03:43;75917680;514699248;75917680;514699248
1638146640;2021-11-29 03:44;74078856;644174072;74078856;644174072
1638146700;2021-11-29 03:45;73613192;728927008;73613192;728927008
1638146760;2021-11-29 03:46;78286456;666941984;78286456;666941984
1638146820;2021-11-29 03:47;77056448;536132880;77056448;536132880
1638146880;2021-11-29 03:48;79421512;607803760;79421512;607803760
1638146940;2021-11-29 03:49;77133768;744293784;77133768;744293784
1638147000;2021-11-29 03:50;73162696;740638272;73162696;740638272
1638147060;2021-11-29 03:51;78020912;655155416;78020912;655155416
1638147120;2021-11-29 03:52;77292656;678051912;77292656;678051912
1638147180;2021-11-29 03:53;76498336;808594952;76498336;808594952
1638147240;2021-11-29 03:54;80809936;776582432;80809936;776582432
1638147300;2021-11-29 03:55;70679304;566060480;70679304;566060480
1638147360;2021-11-29 03:56;84085368;550200816;84085368;550200816
1638147420;2021-11-29 03:57;83696368;712079808;83696368;712079808
1638147480;2021-11-29 03:58;78195696;793771384;78195696;793771384
1638147540;2021-11-29 03:59;0;524449192;0;524449192
1638147600;2021-11-29 04:00;75165184;517981712;75165184;517981712
1638147660;2021-11-29 04:01;88631152;833438616;88631152;833438616
1638147720;2021-11-29 04:02;81395152;748358056;81395152;748358056
1638147780;2021-11-29 04:03;84735440;821356616;84735440;821356616
1638147840;2021-11-29 04:04;81061896;812354840;81061896;812354840
1638147900;2021-11-29 04:05;72836080;379318952;72836080;379318952
1638147960;2021-11-29 04:06;76292336;292469120;76292336;292469120
1638148020;2021-11-29 04:07;76951384;267114424;76951384;267114424
1638148080;2021-11-29 04:08;72297936;233793864;72297936;233793864
1638148140;2021-11-29 04:09;73725392;274447904;73725392;274447904
1638148200;2021-11-29 04:10;74671056;220302320;74671056;220302320
1638148260;2021-11-29 04:11;78515544;236957800;78515544;236957800
1638148320;2021-11-29 04:12;73872704;226623200;73872704;226623200
1638148380;2021-11-29 04:13;69618704;226921256;69618704;226921256
1638148440;2021-11-29 04:14;72149080;227364264;72149080;227364264
1638148500;2021-11-29 04:15;78736624;255562352;78736624;255562352
1638148560;2021-11-29 04:16;82816576;251429720;82816576;251429720
1638148620;2021-11-29 04:17;86034248;227206448;86034248;227206448
1638148680;2021-11-29 04:18;81849200;237606520;81849200;237606520
1638148740;2021-11-29 04:19;73786328;237362320;73786328;237362320
1638148800;2021-11-29 04:20;73292304;266831648;73292304;266831648
1638148860;2021-11-29 04:21;82089352;270023448;82089352;270023448
1638148920;2021-11-29 04:22;72021128;267048264;72021128;267048264
1638148980;2021-11-29 04:23;73107976;260770336;73107976;260770336
1638149040;2021-11-29 04:24;84504848;281005048;84504848;281005048
1638149100;2021-11-29 04:25;74616224;211189304;74616224;211189304
1638149160;2021-11-29 04:26;78544776;256274784;78544776;256274784
1638149220;2021-11-29 04:27;73275264;236833688;73275264;236833688
1638149280;2021-11-29 04:28;75365768;218365240;75365768;218365240
1638149340;2021-11-29 04:29;74657728;198137360;74657728;198137360
1638149400;2021-11-29 04:30;70615800;202716568;70615800;202716568
1638149460;2021-11-29 04:31;82495688;305790216;82495688;305790216
1638149520;2021-11-29 04:32;73609952;313200840;73609952;313200840
1638149580;2021-11-29 04:33;72180040;315856696;72180040;315856696
1638149640;2021-11-29 04:34;80343472;318711024;80343472;318711024
1638149700;2021-11-29 04:35;72879640;299748760;72879640;299748760
1638149760;2021-11-29 04:36;80709504;350348496;80709504;350348496
1638149820;2021-11-29 04:37;72116824;321231400;72116824;321231400
1638149880;2021-11-29 04:38;116526784;250417104;116526784;250417104
1638149940;2021-11-29 04:39;73854360;448568208;73854360;448568208
1638150000;2021-11-29 04:40;70761632;214096392;70761632;214096392
1638150060;2021-11-29 04:41;75607056;395695280;75607056;395695280
1638150120;2021-11-29 04:42;89460552;237681448;89460552;237681448
1638150180;2021-11-29 04:43;80096856;248679328;80096856;248679328
1638150240;2021-11-29 04:44;89083232;247914248;89083232;247914248
1638150300;2021-11-29 04:45;189000840;241321392;189000840;241321392
1638150360;2021-11-29 04:46;86549000;300382816;86549000;300382816
1638150420;2021-11-29 04:47;75298536;229542040;75298536;229542040
1638150480;2021-11-29 04:48;78589856;235676688;78589856;235676688
1638150540;2021-11-29 04:49;74918256;245702424;74918256;245702424
1638150600;2021-11-29 04:50;77605808;236167392;77605808;236167392
1638150660;2021-11-29 04:51;73666712;262553960;73666712;262553960
1638150720;2021-11-29 04:52;76773024;263641824;76773024;263641824
1638150780;2021-11-29 04:53;73104904;227369208;73104904;227369208
1638150840;2021-11-29 04:54;72339328;234906448;72339328;234906448
1638150900;2021-11-29 04:55;69796520;237170216;69796520;237170216
1638150960;2021-11-29 04:56;78859840;267577080;78859840;267577080
1638151020;2021-11-29 04:57;78633720;237763552;78633720;237763552
1638151080;2021-11-29 04:58;71889192;233897112;71889192;233897112
1638151140;2021-11-29 04:59;278612112;291396664;278612112;291396664
1638151200;2021-11-29 05:00;212663920;297416104;212663920;297416104
1638151260;2021-11-29 05:01;78947496;263041184;78947496;263041184
1638151320;2021-11-29 05:02;69897992;281991984;69897992;281991984
1638151380;2021-11-29 05:03;69457296;283872720;69457296;283872720
1638151440;2021-11-29 05:04;73424760;258454680;73424760;258454680
1638151500;2021-11-29 05:05;65539096;266560592;65539096;266560592
1638151560;2021-11-29 05:06;74567240;317579432;74567240;317579432
1638151620;2021-11-29 05:07;68684696;265907112;68684696;265907112
1638151680;2021-11-29 05:08;70293808;289905464;70293808;289905464
1638151740;2021-11-29 05:09;67535600;274474120;67535600;274474120
1638151800;2021-11-29 05:10;83218616;246292960;83218616;246292960
1638151860;2021-11-29 05:11;91943216;290455200;91943216;290455200
1638151920;2021-11-29 05:12;66259880;284752344;66259880;284752344
1638151980;2021-11-29 05:13;367376720;262002992;367376720;262002992
1638152040;2021-11-29 05:14;178405208;248169072;178405208;248169072
1638152100;2021-11-29 05:15;67820792;278839128;67820792;278839128
1638152160;2021-11-29 05:16;74767744;290397816;74767744;290397816
1638152220;2021-11-29 05:17;68759960;243415408;68759960;243415408
1638152280;2021-11-29 05:18;70832416;245892896;70832416;245892896
1638152340;2021-11-29 05:19;76562072;235671656;76562072;235671656
1638152400;2021-11-29 05:20;74527760;215507600;74527760;215507600
1638152460;2021-11-29 05:21;75506344;229434720;75506344;229434720
1638152520;2021-11-29 05:22;80227552;221647720;80227552;221647720
1638152580;2021-11-29 05:23;85302384;260828592;85302384;260828592
1638152640;2021-11-29 05:24;70131312;222552408;70131312;222552408
1638152700;2021-11-29 05:25;67780480;212910488;67780480;212910488
1638152760;2021-11-29 05:26;74520136;257018344;74520136;257018344
1638152820;2021-11-29 05:27;72088120;281131240;72088120;281131240
1638152880;2021-11-29 05:28;72851752;227833440;72851752;227833440
1638152940;2021-11-29 05:29;71396616;213610968;71396616;213610968
1638153000;2021-11-29 05:30;72069080;210726224;72069080;210726224
1638153060;2021-11-29 05:31;77327728;228761920;77327728;228761920
1638153120;2021-11-29 05:32;75411752;262913560;75411752;262913560
1638153180;2021-11-29 05:33;68865624;232668600;68865624;232668600
1638153240;2021-11-29 05:34;68988216;215300392;68988216;215300392
1638153300;2021-11-29 05:35;66900632;230975928;66900632;230975928
1638153360;2021-11-29 05:36;71403072;244938120;71403072;244938120
1638153420;2021-11-29 05:37;69623888;247937432;69623888;247937432
1638153480;2021-11-29 05:38;78413576;250595040;78413576;250595040
1638153540;2021-11-29 05:39;64856816;252598664;64856816;252598664
1638153600;2021-11-29 05:40;65978936;265283832;65978936;265283832
1638153660;2021-11-29 05:41;69651312;229060304;69651312;229060304
1638153720;2021-11-29 05:42;69827688;305641904;69827688;305641904
1638153780;2021-11-29 05:43;77939832;302538384;77939832;302538384
1638153840;2021-11-29 05:44;76880112;250202840;76880112;250202840
1638153900;2021-11-29 05:45;74519544;273732176;74519544;273732176
1638153960;2021-11-29 05:46;76374064;292054120;76374064;292054120
1638154020;2021-11-29 05:47;72942240;236357376;72942240;236357376
1638154080;2021-11-29 05:48;74251032;261250864;74251032;261250864
1638154140;2021-11-29 05:49;71156248;244556920;71156248;244556920
1638154200;2021-11-29 05:50;82077520;231595888;82077520;231595888
1638154260;2021-11-29 05:51;92035408;264047496;92035408;264047496
1638154320;2021-11-29 05:52;84947216;255484896;84947216;255484896
1638154380;2021-11-29 05:53;97171920;299537768;97171920;299537768
1638154440;2021-11-29 05:54;91262872;281491776;91262872;281491776
1638154500;2021-11-29 05:55;77982632;303971288;77982632;303971288
1638154560;2021-11-29 05:56;87365456;252576800;87365456;252576800
1638154620;2021-11-29 05:57;86186424;237012024;86186424;237012024
1638154680;2021-11-29 05:58;85806104;224565064;85806104;224565064
1638154740;2021-11-29 05:59;85421168;233534472;85421168;233534472
1638154800;2021-11-29 06:00;68534640;199428176;68534640;199428176
1638154860;2021-11-29 06:01;77061064;207297688;77061064;207297688
1638154920;2021-11-29 06:02;75055976;215615624;75055976;215615624
1638154980;2021-11-29 06:03;70962552;216710152;70962552;216710152
1638155040;2021-11-29 06:04;71560848;218971816;71560848;218971816
1638155100;2021-11-29 06:05;70527424;216627600;70527424;216627600
1638155160;2021-11-29 06:06;78962536;236057016;78962536;236057016
1638155220;2021-11-29 06:07;69448080;227843176;69448080;227843176
1638155280;2021-11-29 06:08;78310888;253543232;78310888;253543232
1638155340;2021-11-29 06:09;76805632;230260848;76805632;230260848
1638155400;2021-11-29 06:10;72428072;213075256;72428072;213075256
1638155460;2021-11-29 06:11;78836448;248826800;78836448;248826800
1638155520;2021-11-29 06:12;70887464;267522496;70887464;267522496
1638155580;2021-11-29 06:13;74071184;246785936;74071184;246785936
1638155640;2021-11-29 06:14;81340976;271503472;81340976;271503472
1638155700;2021-11-29 06:15;70491848;254125296;70491848;254125296
1638155760;2021-11-29 06:16;84263856;293401528;84263856;293401528
1638155820;2021-11-29 06:17;77933272;264387024;77933272;264387024
1638155880;2021-11-29 06:18;71409232;253109824;71409232;253109824
1638155940;2021-11-29 06:19;71850408;211886912;71850408;211886912
1638156000;2021-11-29 06:20;76658400;226570792;76658400;226570792
1638156060;2021-11-29 06:21;82462256;245774880;82462256;245774880
1638156120;2021-11-29 06:22;86732832;217778344;86732832;217778344
1638156180;2021-11-29 06:23;88893760;221035528;88893760;221035528
1638156240;2021-11-29 06:24;88044512;224331312;88044512;224331312
1638156300;2021-11-29 06:25;91452408;203173840;91452408;203173840
1638156360;2021-11-29 06:26;82642776;224094688;82642776;224094688
1638156420;2021-11-29 06:27;73840456;222719896;73840456;222719896
1638156480;2021-11-29 06:28;89460800;206980528;89460800;206980528
1638156540;2021-11-29 06:29;216956864;233257264;216956864;233257264
1638156600;2021-11-29 06:30;71826768;239884752;71826768;239884752
1638156660;2021-11-29 06:31;76474264;282472512;76474264;282472512
1638156720;2021-11-29 06:32;74860728;274843416;74860728;274843416
1638156780;2021-11-29 06:33;72512120;269925992;72512120;269925992
1638156840;2021-11-29 06:34;80488488;289407048;80488488;289407048
1638156900;2021-11-29 06:35;70322480;318308848;70322480;318308848
1638156960;2021-11-29 06:36;82354568;391725200;82354568;391725200
1638157020;2021-11-29 06:37;77290856;312249000;77290856;312249000
1638157080;2021-11-29 06:38;76882288;298065688;76882288;298065688
1638157140;2021-11-29 06:39;80274864;356620224;80274864;356620224
1638157200;2021-11-29 06:40;72627168;296630152;72627168;296630152
1638157260;2021-11-29 06:41;80633616;321208040;80633616;321208040
1638157320;2021-11-29 06:42;88528336;297406400;88528336;297406400
1638157380;2021-11-29 06:43;78090672;319468496;78090672;319468496
1638157440;2021-11-29 06:44;80803480;336589384;80803480;336589384
1638157500;2021-11-29 06:45;72287056;353589720;72287056;353589720
1638157560;2021-11-29 06:46;87530128;394885296;87530128;394885296
1638157620;2021-11-29 06:47;97725760;404432896;97725760;404432896
1638157680;2021-11-29 06:48;106671008;376519728;106671008;376519728
1638157740;2021-11-29 06:49;105605352;383217360;105605352;383217360
1638157800;2021-11-29 06:50;82249104;293122592;82249104;293122592
1638157860;2021-11-29 06:51;111556512;336013144;111556512;336013144
1638157920;2021-11-29 06:52;72640496;311421064;72640496;311421064
1638157980;2021-11-29 06:53;73064472;394499704;73064472;394499704
1638158040;2021-11-29 06:54;71285936;277669288;71285936;277669288
1638158100;2021-11-29 06:55;74526712;286847336;74526712;286847336
1638158160;2021-11-29 06:56;79686872;317991224;79686872;317991224
1638158220;2021-11-29 06:57;79714536;277920664;79714536;277920664
1638158280;2021-11-29 06:58;76624216;276108264;76624216;276108264
1638158340;2021-11-29 06:59;80472432;265239808;80472432;265239808
1638158400;2021-11-29 07:00;71362808;248515464;71362808;248515464
1638158460;2021-11-29 07:01;80489016;291666728;80489016;291666728
1638158520;2021-11-29 07:02;76796168;269520672;76796168;269520672
1638158580;2021-11-29 07:03;73266184;287442976;73266184;287442976
1638158640;2021-11-29 07:04;81168744;305151240;81168744;305151240
1638158700;2021-11-29 07:05;69072336;269391040;69072336;269391040
1638158760;2021-11-29 07:06;80238520;307097496;80238520;307097496
1638158820;2021-11-29 07:07;74339216;315610408;74339216;315610408
1638158880;2021-11-29 07:08;73926720;302382648;73926720;302382648
1638158940;2021-11-29 07:09;73869680;299862120;73869680;299862120
1638159000;2021-11-29 07:10;76126808;312994648;76126808;312994648
1638159060;2021-11-29 07:11;78192432;318247464;78192432;318247464
1638159120;2021-11-29 07:12;86428000;332063944;86428000;332063944
1638159180;2021-11-29 07:13;77056256;350936744;77056256;350936744
1638159240;2021-11-29 07:14;77638976;333356488;77638976;333356488
1638159300;2021-11-29 07:15;78761952;336428424;78761952;336428424
1638159360;2021-11-29 07:16;80662880;368403936;80662880;368403936
1638159420;2021-11-29 07:17;74016312;312975704;74016312;312975704
1638159480;2021-11-29 07:18;83626024;318473448;83626024;318473448
1638159540;2021-11-29 07:19;77962432;305898920;77962432;305898920
1638159600;2021-11-29 07:20;86969080;316966104;86969080;316966104
1638159660;2021-11-29 07:21;76116400;336778568;76116400;336778568
1638159720;2021-11-29 07:22;82265672;332797656;82265672;332797656
1638159780;2021-11-29 07:23;115365640;258580136;115365640;258580136
1638159840;2021-11-29 07:24;80642144;267695608;80642144;267695608
1638159900;2021-11-29 07:25;81385496;291270888;81385496;291270888
1638159960;2021-11-29 07:26;81040736;289432232;81040736;289432232
1638160020;2021-11-29 07:27;80793936;309356240;80793936;309356240
1638160080;2021-11-29 07:28;77511424;328618816;77511424;328618816
1638160140;2021-11-29 07:29;83366312;312281120;83366312;312281120
1638160200;2021-11-29 07:30;73323016;279597184;73323016;279597184
1638160260;2021-11-29 07:31;90700112;316551600;90700112;316551600
1638160320;2021-11-29 07:32;84111520;315794864;84111520;315794864
1638160380;2021-11-29 07:33;89568504;320251424;89568504;320251424
1638160440;2021-11-29 07:34;79701600;359232416;79701600;359232416
1638160500;2021-11-29 07:35;81367000;288500368;81367000;288500368
1638160560;2021-11-29 07:36;93188744;361074216;93188744;361074216
1638160620;2021-11-29 07:37;79611432;301499832;79611432;301499832
1638160680;2021-11-29 07:38;81136472;315578520;81136472;315578520
1638160740;2021-11-29 07:39;83629920;349356600;83629920;349356600
1638160800;2021-11-29 07:40;85988016;325259232;85988016;325259232
1638160860;2021-11-29 07:41;92222856;337229144;92222856;337229144
1638160920;2021-11-29 07:42;85389784;319192208;85389784;319192208
1638160980;2021-11-29 07:43;88316008;343926248;88316008;343926248
1638161040;2021-11-29 07:44;87880776;354911392;87880776;354911392
1638161100;2021-11-29 07:45;79226816;319134616;79226816;319134616
1638161160;2021-11-29 07:46;101524344;361637192;101524344;361637192
1638161220;2021-11-29 07:47;90420536;342563952;90420536;342563952
1638161280;2021-11-29 07:48;94616600;367219408;94616600;367219408
1638161340;2021-11-29 07:49;95147776;389476456;95147776;389476456
1638161400;2021-11-29 07:50;81408576;391538856;81408576;391538856
1638161460;2021-11-29 07:51;95147536;538572656;95147536;538572656
1638161520;2021-11-29 07:52;88456224;586801584;88456224;586801584
1638161580;2021-11-29 07:53;95560848;594327248;95560848;594327248
1638161640;2021-11-29 07:54;92124600;446070440;92124600;446070440
1638161700;2021-11-29 07:55;84877648;397826680;84877648;397826680
1638161760;2021-11-29 07:56;120567704;487054072;120567704;487054072
1638161820;2021-11-29 07:57;163015072;416463880;163015072;416463880
1638161880;2021-11-29 07:58;145835160;655436840;145835160;655436840
1638161940;2021-11-29 07:59;100228472;472610936;100228472;472610936
1638162000;2021-11-29 08:00;100345432;414318440;100345432;414318440
1638162060;2021-11-29 08:01;101057424;466480552;101057424;466480552
1638162120;2021-11-29 08:02;106351920;392578136;106351920;392578136
1638162180;2021-11-29 08:03;90000312;412421432;90000312;412421432
1638162240;2021-11-29 08:04;89036104;514725752;89036104;514725752
1638162300;2021-11-29 08:05;100908504;427067008;100908504;427067008
1638162360;2021-11-29 08:06;96467288;467962368;96467288;467962368
1638162420;2021-11-29 08:07;108025960;425029288;108025960;425029288
1638162480;2021-11-29 08:08;96051432;389304552;96051432;389304552
1638162540;2021-11-29 08:09;98064216;470733120;98064216;470733120
1638162600;2021-11-29 08:10;100157640;398368088;100157640;398368088
1638162660;2021-11-29 08:11;100426960;418836656;100426960;418836656
1638162720;2021-11-29 08:12;105868128;411803944;105868128;411803944
1638162780;2021-11-29 08:13;112224040;412154160;112224040;412154160
1638162840;2021-11-29 08:14;122083136;429377072;122083136;429377072
1638162900;2021-11-29 08:15;107009928;435283880;107009928;435283880
1638162960;2021-11-29 08:16;120382832;468344184;120382832;468344184
1638163020;2021-11-29 08:17;112002224;436129464;112002224;436129464
1638163080;2021-11-29 08:18;125594264;473531168;125594264;473531168
1638163140;2021-11-29 08:19;139196232;463981152;139196232;463981152
1638163200;2021-11-29 08:20;121125960;470258328;121125960;470258328
1638163260;2021-11-29 08:21;163757896;456714576;163757896;456714576
1638163320;2021-11-29 08:22;168619792;419289296;168619792;419289296
1638163380;2021-11-29 08:23;147814608;444827672;147814608;444827672
1638163440;2021-11-29 08:24;141569768;418096312;141569768;418096312
1638163500;2021-11-29 08:25;141508408;425654368;141508408;425654368
1638163560;2021-11-29 08:26;138495448;416614640;138495448;416614640
1638163620;2021-11-29 08:27;121548136;375337632;121548136;375337632
1638163680;2021-11-29 08:28;157712184;445584032;157712184;445584032
1638163740;2021-11-29 08:29;155276536;428004600;155276536;428004600
1638163800;2021-11-29 08:30;156814192;418153616;156814192;418153616
1638163860;2021-11-29 08:31;168032704;423794248;168032704;423794248
1638163920;2021-11-29 08:32;143757936;423131176;143757936;423131176
1638163980;2021-11-29 08:33;124010104;445549928;124010104;445549928
1638164040;2021-11-29 08:34;169713088;446699256;169713088;446699256
1638164100;2021-11-29 08:35;151666096;454355424;151666096;454355424
1638164160;2021-11-29 08:36;153957040;555524776;153957040;555524776
1638164220;2021-11-29 08:37;142423792;529307448;142423792;529307448
1638164280;2021-11-29 08:38;136562688;489343216;136562688;489343216
1638164340;2021-11-29 08:39;148495696;479440992;148495696;479440992
1638164400;2021-11-29 08:40;127965056;472862960;127965056;472862960
1638164460;2021-11-29 08:41;103958616;488266320;103958616;488266320
1638164520;2021-11-29 08:42;107413680;467034360;107413680;467034360
1638164580;2021-11-29 08:43;150291256;470694512;150291256;470694512
1638164640;2021-11-29 08:44;155426280;530042336;155426280;530042336
1638164700;2021-11-29 08:45;150517992;467676224;150517992;467676224
1638164760;2021-11-29 08:46;133406560;541045832;133406560;541045832
1638164820;2021-11-29 08:47;129879312;481775752;129879312;481775752
1638164880;2021-11-29 08:48;128074080;509484480;128074080;509484480
1638164940;2021-11-29 08:49;144283704;511637000;144283704;511637000
1638165000;2021-11-29 08:50;111709856;412158352;111709856;412158352
1638165060;2021-11-29 08:51;133630656;488537968;133630656;488537968
1638165120;2021-11-29 08:52;129773288;529941040;129773288;529941040
1638165180;2021-11-29 08:53;123257824;549780784;123257824;549780784
1638165240;2021-11-29 08:54;118986752;542364024;118986752;542364024
1638165300;2021-11-29 08:55;113640632;460218392;113640632;460218392
1638165360;2021-11-29 08:56;129190976;562269176;129190976;562269176
1638165420;2021-11-29 08:57;128146552;471795712;128146552;471795712
1638165480;2021-11-29 08:58;116182784;525423408;116182784;525423408
1638165540;2021-11-29 08:59;122882008;515478808;122882008;515478808
1638165600;2021-11-29 09:00;122044664;526091576;122044664;526091576
1638165660;2021-11-29 09:01;135194760;611673264;135194760;611673264
1638165720;2021-11-29 09:02;132354064;547375424;132354064;547375424
1638165780;2021-11-29 09:03;121825328;589060424;121825328;589060424
1638165840;2021-11-29 09:04;125063144;580685408;125063144;580685408
1638165900;2021-11-29 09:05;123943728;546002992;123943728;546002992
1638165960;2021-11-29 09:06;126599488;632071584;126599488;632071584
1638166020;2021-11-29 09:07;125874024;679394016;125874024;679394016
1638166080;2021-11-29 09:08;140814912;733262960;140814912;733262960
1638166140;2021-11-29 09:09;134655416;732695224;134655416;732695224
1638166200;2021-11-29 09:10;126836600;756794648;126836600;756794648
1638166260;2021-11-29 09:11;127488696;680126888;127488696;680126888
1638166320;2021-11-29 09:12;122508896;719944672;122508896;719944672
1638166380;2021-11-29 09:13;113082408;603549608;113082408;603549608
1638166440;2021-11-29 09:14;139884400;666572576;139884400;666572576
1638166500;2021-11-29 09:15;172874872;687698040;172874872;687698040
1638166560;2021-11-29 09:16;192304464;735661344;192304464;735661344
1638166620;2021-11-29 09:17;163954224;747118056;163954224;747118056
1638166680;2021-11-29 09:18;141209856;690884592;141209856;690884592
1638166740;2021-11-29 09:19;124932520;650223840;124932520;650223840
1638166800;2021-11-29 09:20;122135952;695898576;122135952;695898576
1638166860;2021-11-29 09:21;149303632;786184944;149303632;786184944
1638166920;2021-11-29 09:22;147060584;762061152;147060584;762061152
1638166980;2021-11-29 09:23;138895096;673484840;138895096;673484840
1638167040;2021-11-29 09:24;127569816;702948232;127569816;702948232
1638167100;2021-11-29 09:25;116210656;635389608;116210656;635389608
1638167160;2021-11-29 09:26;139281872;665397176;139281872;665397176
1638167220;2021-11-29 09:27;147674224;665822456;147674224;665822456
1638167280;2021-11-29 09:28;129611176;650921640;129611176;650921640
1638167340;2021-11-29 09:29;126695736;642184328;126695736;642184328
1638167400;2021-11-29 09:30;121096520;645872712;121096520;645872712
1638167460;2021-11-29 09:31;148417776;768166344;148417776;768166344
1638167520;2021-11-29 09:32;143935520;763699624;143935520;763699624
1638167580;2021-11-29 09:33;137442888;696258008;137442888;696258008
1638167640;2021-11-29 09:34;158066904;752083928;158066904;752083928
1638167700;2021-11-29 09:35;118814792;691828424;118814792;691828424
1638167760;2021-11-29 09:36;140378864;848602424;140378864;848602424
1638167820;2021-11-29 09:37;135388656;812530200;135388656;812530200
1638167880;2021-11-29 09:38;141885224;805623368;141885224;805623368
1638167940;2021-11-29 09:39;164605416;789965024;164605416;789965024
1638168000;2021-11-29 09:40;165704880;721210608;165704880;721210608
1638168060;2021-11-29 09:41;201397648;781569952;201397648;781569952
1638168120;2021-11-29 09:42;179880104;783385592;179880104;783385592
1638168180;2021-11-29 09:43;162801408;765223080;162801408;765223080
1638168240;2021-11-29 09:44;174137888;824325088;174137888;824325088
1638168300;2021-11-29 09:45;148165728;712600000;148165728;712600000
1638168360;2021-11-29 09:46;189726144;815953360;189726144;815953360
1638168420;2021-11-29 09:47;184356096;733924480;184356096;733924480
1638168480;2021-11-29 09:48;178831680;737938472;178831680;737938472
1638168540;2021-11-29 09:49;175196784;744601096;175196784;744601096
1638168600;2021-11-29 09:50;144403936;724784120;144403936;724784120
1638168660;2021-11-29 09:51;174617496;840537536;174617496;840537536
1638168720;2021-11-29 09:52;151983528;852821128;151983528;852821128
1638168780;2021-11-29 09:53;147986744;717227976;147986744;717227976
1638168840;2021-11-29 09:54;145457800;764734208;145457800;764734208
1638168900;2021-11-29 09:55;154793264;727916024;154793264;727916024
1638168960;2021-11-29 09:56;194494472;863268752;194494472;863268752
1638169020;2021-11-29 09:57;165771128;865288736;165771128;865288736
1638169080;2021-11-29 09:58;154243696;774463416;154243696;774463416
1638169140;2021-11-29 09:59;156453248;804790320;156453248;804790320
1638169200;2021-11-29 10:00;139602248;763240520;139602248;763240520
1638169260;2021-11-29 10:01;154318624;863905936;154318624;863905936
1638169320;2021-11-29 10:02;155032448;854680144;155032448;854680144
1638169380;2021-11-29 10:03;175234368;972247408;175234368;972247408
1638169440;2021-11-29 10:04;183271736;900376760;183271736;900376760
1638169500;2021-11-29 10:05;241702696;775434632;241702696;775434632
1638169560;2021-11-29 10:06;235386416;878877560;235386416;878877560
1638169620;2021-11-29 10:07;212869704;847343312;212869704;847343312
1638169680;2021-11-29 10:08;179029048;798731904;179029048;798731904
1638169740;2021-11-29 10:09;254404472;871265352;254404472;871265352
1638169800;2021-11-29 10:10;263799344;855615344;263799344;855615344
1638169860;2021-11-29 10:11;212357272;870941352;212357272;870941352
1638169920;2021-11-29 10:12;166322344;899365632;166322344;899365632
1638169980;2021-11-29 10:13;160723680;785710112;160723680;785710112
1638170040;2021-11-29 10:14;176891424;809884880;176891424;809884880
1638170100;2021-11-29 10:15;185716384;837994128;185716384;837994128
1638170160;2021-11-29 10:16;177322256;902740448;177322256;902740448
1638170220;2021-11-29 10:17;171941664;889483536;171941664;889483536
1638170280;2021-11-29 10:18;180974720;993489656;180974720;993489656
1638170340;2021-11-29 10:19;172187264;952332064;172187264;952332064
1638170400;2021-11-29 10:20;170914360;812200608;170914360;812200608
1638170460;2021-11-29 10:21;181795728;966161216;181795728;966161216
1638170520;2021-11-29 10:22;172083544;1011930264;172083544;1011930264
1638170580;2021-11-29 10:23;173366712;970515576;173366712;970515576
1638170640;2021-11-29 10:24;170031048;981389016;170031048;981389016
1638170700;2021-11-29 10:25;145677408;833300936;145677408;833300936
1638170760;2021-11-29 10:26;160650800;1041499080;160650800;1041499080
1638170820;2021-11-29 10:27;149898328;980516328;149898328;980516328
1638170880;2021-11-29 10:28;181771624;954204840;181771624;954204840
1638170940;2021-11-29 10:29;175120688;980730648;175120688;980730648
1638171000;2021-11-29 10:30;154223696;975855248;154223696;975855248
1638171060;2021-11-29 10:31;182764200;1077376592;182764200;1077376592
1638171120;2021-11-29 10:32;154985840;1064571320;154985840;1064571320
1638171180;2021-11-29 10:33;156923088;1027014592;156923088;1027014592
1638171240;2021-11-29 10:34;159555592;1013174576;159555592;1013174576
1638171300;2021-11-29 10:35;151956496;958932264;151956496;958932264
1638171360;2021-11-29 10:36;165132960;1034408488;165132960;1034408488
1638171420;2021-11-29 10:37;155069816;951685888;155069816;951685888
1638171480;2021-11-29 10:38;163782472;1008640488;163782472;1008640488
1638171540;2021-11-29 10:39;159438608;1064113216;159438608;1064113216
1638171600;2021-11-29 10:40;139830568;850518112;139830568;850518112
1638171660;2021-11-29 10:41;166048952;1002391488;166048952;1002391488
1638171720;2021-11-29 10:42;181980744;925818536;181980744;925818536
1638171780;2021-11-29 10:43;158324616;964575432;158324616;964575432
1638171840;2021-11-29 10:44;167471832;1003667128;167471832;1003667128
1638171900;2021-11-29 10:45;198834944;953149304;198834944;953149304
1638171960;2021-11-29 10:46;180868744;1056689328;180868744;1056689328
1638172020;2021-11-29 10:47;169962000;933738672;169962000;933738672
1638172080;2021-11-29 10:48;175979744;948948072;175979744;948948072
1638172140;2021-11-29 10:49;179406728;1067784280;179406728;1067784280
1638172200;2021-11-29 10:50;185668032;995747376;185668032;995747376
1638172260;2021-11-29 10:51;192860504;1105761936;192860504;1105761936
1638172320;2021-11-29 10:52;194632400;1074059168;194632400;1074059168
1638172380;2021-11-29 10:53;169688192;1024872016;169688192;1024872016
1638172440;2021-11-29 10:54;169686192;976671176;169686192;976671176
1638172500;2021-11-29 10:55;164742576;916959056;164742576;916959056
1638172560;2021-11-29 10:56;171251056;1048824952;171251056;1048824952
1638172620;2021-11-29 10:57;188960120;1026612888;188960120;1026612888
1638172680;2021-11-29 10:58;203164400;1014016168;203164400;1014016168
1638172740;2021-11-29 10:59;196701992;992516080;196701992;992516080
1638172800;2021-11-29 11:00;207942488;1029522072;207942488;1029522072
1638172860;2021-11-29 11:01;199037872;1153021808;199037872;1153021808
1638172920;2021-11-29 11:02;185586864;1136106384;185586864;1136106384
1638172980;2021-11-29 11:03;187280528;1081354064;187280528;1081354064
1638173040;2021-11-29 11:04;187072776;1010861096;187072776;1010861096
1638173100;2021-11-29 11:05;168306464;1105512360;168306464;1105512360
1638173160;2021-11-29 11:06;183688168;1084004200;183688168;1084004200
1638173220;2021-11-29 11:07;182817120;1036809912;182817120;1036809912
1638173280;2021-11-29 11:08;180722384;1025928360;180722384;1025928360
1638173340;2021-11-29 11:09;169866736;976313832;169866736;976313832
1638173400;2021-11-29 11:10;167037184;1031617936;167037184;1031617936
1638173460;2021-11-29 11:11;230802016;1245847904;230802016;1245847904
1638173520;2021-11-29 11:12;195007144;1113401632;195007144;1113401632
1638173580;2021-11-29 11:13;200650400;1137148152;200650400;1137148152
1638173640;2021-11-29 11:14;193955416;995856976;193955416;995856976
1638173700;2021-11-29 11:15;183412584;954669712;183412584;954669712
1638173760;2021-11-29 11:16;214681648;1008962824;214681648;1008962824
1638173820;2021-11-29 11:17;189972072;1010043168;189972072;1010043168
1638173880;2021-11-29 11:18;177608520;1018223656;177608520;1018223656
1638173940;2021-11-29 11:19;183950576;943993224;183950576;943993224
1638174000;2021-11-29 11:20;174363416;961974440;174363416;961974440
1638174060;2021-11-29 11:21;205918320;956733704;205918320;956733704
1638174120;2021-11-29 11:22;184165248;937796760;184165248;937796760
1638174180;2021-11-29 11:23;186852208;949492608;186852208;949492608
1638174240;2021-11-29 11:24;175506264;961682552;175506264;961682552
1638174300;2021-11-29 11:25;185616952;1018019240;185616952;1018019240
1638174360;2021-11-29 11:26;180003736;1006154088;180003736;1006154088
1638174420;2021-11-29 11:27;182458512;992358728;182458512;992358728
1638174480;2021-11-29 11:28;195462088;1042367912;195462088;1042367912
1638174540;2021-11-29 11:29;194246384;1009527520;194246384;1009527520
1638174600;2021-11-29 11:30;175501752;923921912;175501752;923921912
1638174660;2021-11-29 11:31;210235160;1111949448;210235160;1111949448
1638174720;2021-11-29 11:32;198489248;996195888;198489248;996195888
1638174780;2021-11-29 11:33;187965320;1013925912;187965320;1013925912
1638174840;2021-11-29 11:34;194812440;1012678504;194812440;1012678504
1638174900;2021-11-29 11:35;180244248;1042157200;180244248;1042157200
1638174960;2021-11-29 11:36;201955112;1170692000;201955112;1170692000
1638175020;2021-11-29 11:37;188358592;1032692768;188358592;1032692768
1638175080;2021-11-29 11:38;202209200;1042494544;202209200;1042494544
1638175140;2021-11-29 11:39;205673544;943510296;205673544;943510296
1638175200;2021-11-29 11:40;194629872;1005308592;194629872;1005308592
1638175260;2021-11-29 11:41;221790112;1082526800;221790112;1082526800
1638175320;2021-11-29 11:42;211471248;1034691576;211471248;1034691576
1638175380;2021-11-29 11:43;191732432;1035422056;191732432;1035422056
1638175440;2021-11-29 11:44;201644648;1041266648;201644648;1041266648
1638175500;2021-11-29 11:45;197852952;964737632;197852952;964737632
1638175560;2021-11-29 11:46;239553832;1125067400;239553832;1125067400
1638175620;2021-11-29 11:47;211965528;1034924816;211965528;1034924816
1638175680;2021-11-29 11:48;203294240;962936048;203294240;962936048
1638175740;2021-11-29 11:49;221247736;1056125264;221247736;1056125264
1638175800;2021-11-29 11:50;202269984;945223976;202269984;945223976
1638175860;2021-11-29 11:51;236254784;1100345776;236254784;1100345776
1638175920;2021-11-29 11:52;201269128;1064036776;201269128;1064036776
1638175980;2021-11-29 11:53;224763592;1057002080;224763592;1057002080
1638176040;2021-11-29 11:54;211695656;1095943248;211695656;1095943248
1638176100;2021-11-29 11:55;199021536;1030510312;199021536;1030510312
1638176160;2021-11-29 11:56;214244728;1189351800;214244728;1189351800
1638176220;2021-11-29 11:57;199898232;1047830720;199898232;1047830720
1638176280;2021-11-29 11:58;204534528;1122285952;204534528;1122285952
1638176340;2021-11-29 11:59;206986168;1119610320;206986168;1119610320
1638176400;2021-11-29 12:00;195330912;1168768272;195330912;1168768272
1638176460;2021-11-29 12:01;237872160;1181154552;237872160;1181154552
1638176520;2021-11-29 12:02;213850344;1187166656;213850344;1187166656
1638176580;2021-11-29 12:03;186764960;1036022032;186764960;1036022032
1638176640;2021-11-29 12:04;221346512;1043129040;221346512;1043129040
1638176700;2021-11-29 12:05;221509976;1083119032;221509976;1083119032
1638176760;2021-11-29 12:06;207016712;1197162504;207016712;1197162504
1638176820;2021-11-29 12:07;248921320;1144858880;248921320;1144858880
1638176880;2021-11-29 12:08;233034616;1130571728;233034616;1130571728
1638176940;2021-11-29 12:09;232540064;1171220040;232540064;1171220040
1638177000;2021-11-29 12:10;227095904;1124595880;227095904;1124595880
1638177060;2021-11-29 12:11;222378928;1154304784;222378928;1154304784
1638177120;2021-11-29 12:12;221265840;1180254648;221265840;1180254648
1638177180;2021-11-29 12:13;211572896;1094622904;211572896;1094622904
1638177240;2021-11-29 12:14;199276064;1053521056;199276064;1053521056
1638177300;2021-11-29 12:15;187921584;1051167320;187921584;1051167320
1638177360;2021-11-29 12:16;213196968;1157996024;213196968;1157996024
1638177420;2021-11-29 12:17;218798456;1058976640;218798456;1058976640
1638177480;2021-11-29 12:18;220601384;1118247240;220601384;1118247240
1638177540;2021-11-29 12:19;201114896;1127436544;201114896;1127436544
1638177600;2021-11-29 12:20;210060808;1033139384;210060808;1033139384
1638177660;2021-11-29 12:21;187639680;1015812168;187639680;1015812168
1638177720;2021-11-29 12:22;195425280;1081266672;195425280;1081266672
1638177780;2021-11-29 12:23;229393816;1096819584;229393816;1096819584
1638177840;2021-11-29 12:24;209792400;1065620128;209792400;1065620128
1638177900;2021-11-29 12:25;204426064;1090790152;204426064;1090790152
1638177960;2021-11-29 12:26;205217168;1143762104;205217168;1143762104
1638178020;2021-11-29 12:27;193571024;1018056248;193571024;1018056248
1638178080;2021-11-29 12:28;192670512;1002402216;192670512;1002402216
1638178140;2021-11-29 12:29;196993872;1024353392;196993872;1024353392
1638178200;2021-11-29 12:30;191412536;1022312616;191412536;1022312616
1638178260;2021-11-29 12:31;216627904;1109771272;216627904;1109771272
1638178320;2021-11-29 12:32;230357472;997179072;230357472;997179072
1638178380;2021-11-29 12:33;241660504;1123170080;241660504;1123170080
1638178440;2021-11-29 12:34;226454256;975082688;226454256;975082688
1638178500;2021-11-29 12:35;177542032;939972344;177542032;939972344
1638178560;2021-11-29 12:36;209608080;1088556376;209608080;1088556376
1638178620;2021-11-29 12:37;202426000;1058301600;202426000;1058301600
1638178680;2021-11-29 12:38;203412816;1144499312;203412816;1144499312
1638178740;2021-11-29 12:39;209897952;1022798408;209897952;1022798408
1638178800;2021-11-29 12:40;201748192;1104483640;201748192;1104483640
1638178860;2021-11-29 12:41;264056072;1050025432;264056072;1050025432
1638178920;2021-11-29 12:42;228852064;994473024;228852064;994473024
1638178980;2021-11-29 12:43;208707336;1028959896;208707336;1028959896
1638179040;2021-11-29 12:44;196745416;1096706200;196745416;1096706200
1638179100;2021-11-29 12:45;167264400;1028830880;167264400;1028830880
1638179160;2021-11-29 12:46;198329368;1172263392;198329368;1172263392
1638179220;2021-11-29 12:47;190834512;1196113928;190834512;1196113928
1638179280;2021-11-29 12:48;242066640;1282090240;242066640;1282090240
1638179340;2021-11-29 12:49;207092256;1083746008;207092256;1083746008
1638179400;2021-11-29 12:50;199677072;1001548712;199677072;1001548712
1638179460;2021-11-29 12:51;302502088;1168149776;302502088;1168149776
1638179520;2021-11-29 12:52;256306880;1173912736;256306880;1173912736
1638179580;2021-11-29 12:53;198847024;1116145072;198847024;1116145072
1638179640;2021-11-29 12:54;277658368;1165930704;277658368;1165930704
1638179700;2021-11-29 12:55;235064480;985085736;235064480;985085736
1638179760;2021-11-29 12:56;206772768;1014215328;206772768;1014215328
1638179820;2021-11-29 12:57;198228040;1071572120;198228040;1071572120
1638179880;2021-11-29 12:58;175270240;953435120;175270240;953435120
1638179940;2021-11-29 12:59;185017264;1052225152;185017264;1052225152
1638180000;2021-11-29 13:00;168962656;1032256136;168962656;1032256136
1638180060;2021-11-29 13:01;219533496;977469320;219533496;977469320
1638180120;2021-11-29 13:02;207804896;1050227280;207804896;1050227280
1638180180;2021-11-29 13:03;215566960;1122558040;215566960;1122558040
1638180240;2021-11-29 13:04;213720992;1009580080;213720992;1009580080
1638180300;2021-11-29 13:05;241320312;1034125568;241320312;1034125568
1638180360;2021-11-29 13:06;262599648;1013130416;262599648;1013130416
1638180420;2021-11-29 13:07;175237376;985851472;175237376;985851472
1638180480;2021-11-29 13:08;199158824;991051728;199158824;991051728
1638180540;2021-11-29 13:09;185131752;1063564488;185131752;1063564488
1638180600;2021-11-29 13:10;174658088;1050285008;174658088;1050285008
1638180660;2021-11-29 13:11;191246136;1121253136;191246136;1121253136
1638180720;2021-11-29 13:12;169374648;988247200;169374648;988247200
1638180780;2021-11-29 13:13;172257392;989139080;172257392;989139080
1638180840;2021-11-29 13:14;170582936;908492232;170582936;908492232
1638180900;2021-11-29 13:15;197524920;1056781112;197524920;1056781112
1638180960;2021-11-29 13:16;198296840;994909968;198296840;994909968
1638181020;2021-11-29 13:17;203655520;992827064;203655520;992827064
1638181080;2021-11-29 13:18;217274768;987860848;217274768;987860848
1638181140;2021-11-29 13:19;226260912;1020458416;226260912;1020458416
1638181200;2021-11-29 13:20;208201248;983331448;208201248;983331448
1638181260;2021-11-29 13:21;214510120;1027682592;214510120;1027682592
1638181320;2021-11-29 13:22;206379360;1028421768;206379360;1028421768
1638181380;2021-11-29 13:23;210388856;987761648;210388856;987761648
1638181440;2021-11-29 13:24;220934776;1051875352;220934776;1051875352
1638181500;2021-11-29 13:25;202119968;942869072;202119968;942869072
1638181560;2021-11-29 13:26;208146272;1068501776;208146272;1068501776
1638181620;2021-11-29 13:27;191275336;1052510136;191275336;1052510136
1638181680;2021-11-29 13:28;205916536;1130098832;205916536;1130098832
1638181740;2021-11-29 13:29;221401392;1085140408;221401392;1085140408
1638181800;2021-11-29 13:30;218983232;1079589432;218983232;1079589432
1638181860;2021-11-29 13:31;254829192;1133483424;254829192;1133483424
1638181920;2021-11-29 13:32;216716320;1055919464;216716320;1055919464
1638181980;2021-11-29 13:33;189276528;1110848768;189276528;1110848768
1638182040;2021-11-29 13:34;169657208;1049207672;169657208;1049207672
1638182100;2021-11-29 13:35;206343752;1109795376;206343752;1109795376
1638182160;2021-11-29 13:36;229333416;1084193288;229333416;1084193288
1638182220;2021-11-29 13:37;202109616;1010884216;202109616;1010884216
1638182280;2021-11-29 13:38;214859872;1090809776;214859872;1090809776
1638182340;2021-11-29 13:39;215452800;1032685536;215452800;1032685536
1638182400;2021-11-29 13:40;185129944;1046075384;185129944;1046075384
1638182460;2021-11-29 13:41;202640320;1128206696;202640320;1128206696
1638182520;2021-11-29 13:42;191766072;1068452200;191766072;1068452200
1638182580;2021-11-29 13:43;183486056;1035924176;183486056;1035924176
1638182640;2021-11-29 13:44;178074432;1070204456;178074432;1070204456
1638182700;2021-11-29 13:45;173872616;1009104168;173872616;1009104168
1638182760;2021-11-29 13:46;195188824;1145571360;195188824;1145571360
1638182820;2021-11-29 13:47;206827720;1150625840;206827720;1150625840
1638182880;2021-11-29 13:48;198279784;1183896448;198279784;1183896448
1638182940;2021-11-29 13:49;187613584;1174370552;187613584;1174370552
1638183000;2021-11-29 13:50;185019152;1138056920;185019152;1138056920
1638183060;2021-11-29 13:51;206267880;1239913080;206267880;1239913080
1638183120;2021-11-29 13:52;193600256;1188069752;193600256;1188069752
1638183180;2021-11-29 13:53;180644888;1190061240;180644888;1190061240
1638183240;2021-11-29 13:54;186780440;1155958192;186780440;1155958192
1638183300;2021-11-29 13:55;178223024;1110118736;178223024;1110118736
1638183360;2021-11-29 13:56;198740904;1155899128;198740904;1155899128
1638183420;2021-11-29 13:57;224242528;1153043792;224242528;1153043792
1638183480;2021-11-29 13:58;205615528;1201294736;205615528;1201294736
1638183540;2021-11-29 13:59;180808032;1124595488;180808032;1124595488
1638183600;2021-11-29 14:00;180718256;1140185384;180718256;1140185384
1638183660;2021-11-29 14:01;179120048;1243540120;179120048;1243540120
1638183720;2021-11-29 14:02;188207328;1194610360;188207328;1194610360
1638183780;2021-11-29 14:03;182583544;1125818104;182583544;1125818104
1638183840;2021-11-29 14:04;171583320;1163679600;171583320;1163679600
1638183900;2021-11-29 14:05;156003232;1003263016;156003232;1003263016
1638183960;2021-11-29 14:06;178173192;1157869008;178173192;1157869008
1638184020;2021-11-29 14:07;157411416;1099783912;157411416;1099783912
1638184080;2021-11-29 14:08;179592664;1028587576;179592664;1028587576
1638184140;2021-11-29 14:09;188205768;1038340872;188205768;1038340872
1638184200;2021-11-29 14:10;191532016;985352816;191532016;985352816
1638184260;2021-11-29 14:11;209846280;1229498208;209846280;1229498208
1638184320;2021-11-29 14:12;190329176;1207498808;190329176;1207498808
1638184380;2021-11-29 14:13;183373808;1066420216;183373808;1066420216
1638184440;2021-11-29 14:14;184138632;1065179736;184138632;1065179736
1638184500;2021-11-29 14:15;177085936;1023545272;177085936;1023545272
1638184560;2021-11-29 14:16;215080560;1108114584;215080560;1108114584
1638184620;2021-11-29 14:17;213890728;1187786616;213890728;1187786616
1638184680;2021-11-29 14:18;202000264;1159151808;202000264;1159151808
1638184740;2021-11-29 14:19;192531488;1111519080;192531488;1111519080
1638184800;2021-11-29 14:20;207355696;1115965680;207355696;1115965680
1638184860;2021-11-29 14:21;216275704;1186584872;216275704;1186584872
1638184920;2021-11-29 14:22;190173008;1029506432;190173008;1029506432
1638184980;2021-11-29 14:23;196587720;1157418768;196587720;1157418768
1638185040;2021-11-29 14:24;171511928;1030901904;171511928;1030901904
1638185100;2021-11-29 14:25;182044808;1000722920;182044808;1000722920
1638185160;2021-11-29 14:26;216039248;1082295632;216039248;1082295632
1638185220;2021-11-29 14:27;195098904;1057344960;195098904;1057344960
1638185280;2021-11-29 14:28;217646408;1049767088;217646408;1049767088
1638185340;2021-11-29 14:29;209963032;1101281360;209963032;1101281360
1638185400;2021-11-29 14:30;204101704;1018072728;204101704;1018072728
1638185460;2021-11-29 14:31;211030104;1141405544;211030104;1141405544
1638185520;2021-11-29 14:32;213928608;1088064616;213928608;1088064616
1638185580;2021-11-29 14:33;215611312;1141343592;215611312;1141343592
1638185640;2021-11-29 14:34;219216120;1106992912;219216120;1106992912
1638185700;2021-11-29 14:35;193613568;1136682312;193613568;1136682312
1638185760;2021-11-29 14:36;214634224;1215427704;214634224;1215427704
1638185820;2021-11-29 14:37;208238512;1194249688;208238512;1194249688
1638185880;2021-11-29 14:38;208427408;1199819704;208427408;1199819704
1638185940;2021-11-29 14:39;228003112;1156364912;228003112;1156364912
1638186000;2021-11-29 14:40;488827056;1401670400;488827056;1401670400
1638186060;2021-11-29 14:41;312249320;1227003112;312249320;1227003112
1638186120;2021-11-29 14:42;226111984;1178941264;226111984;1178941264
1638186180;2021-11-29 14:43;227489128;1202721904;227489128;1202721904
1638186240;2021-11-29 14:44;213961712;1084641448;213961712;1084641448
1638186300;2021-11-29 14:45;215179152;1041419256;215179152;1041419256
1638186360;2021-11-29 14:46;287870472;1238362632;287870472;1238362632
1638186420;2021-11-29 14:47;238495024;1201310264;238495024;1201310264
1638186480;2021-11-29 14:48;245445856;1282349040;245445856;1282349040
1638186540;2021-11-29 14:49;222394160;1091271264;222394160;1091271264
1638186600;2021-11-29 14:50;208095496;986456728;208095496;986456728
1638186660;2021-11-29 14:51;234803144;1090178064;234803144;1090178064
1638186720;2021-11-29 14:52;283407128;1121577048;283407128;1121577048
1638186780;2021-11-29 14:53;260287200;1184666480;260287200;1184666480
1638186840;2021-11-29 14:54;264985664;1264453200;264985664;1264453200
1638186900;2021-11-29 14:55;226983376;1052620024;226983376;1052620024
1638186960;2021-11-29 14:56;215046880;1084501336;215046880;1084501336
1638187020;2021-11-29 14:57;210982648;960093232;210982648;960093232
1638187080;2021-11-29 14:58;228881856;1091664000;228881856;1091664000
1638187140;2021-11-29 14:59;237639832;1103499672;237639832;1103499672
1638187200;2021-11-29 15:00;220777552;1034683312;220777552;1034683312
1638187260;2021-11-29 15:01;251375528;1235649064;251375528;1235649064
1638187320;2021-11-29 15:02;233622632;1234498000;233622632;1234498000
1638187380;2021-11-29 15:03;264161368;1268547896;264161368;1268547896
1638187440;2021-11-29 15:04;282177952;1137211576;282177952;1137211576
1638187500;2021-11-29 15:05;279728456;1044374112;279728456;1044374112
1638187560;2021-11-29 15:06;281104776;1072950552;281104776;1072950552
1638187620;2021-11-29 15:07;279181392;1043935256;279181392;1043935256
1638187680;2021-11-29 15:08;286402856;1041382208;286402856;1041382208
1638187740;2021-11-29 15:09;295325728;1330402920;295325728;1330402920
1638187800;2021-11-29 15:10;254874448;1297371720;254874448;1297371720
1638187860;2021-11-29 15:11;315358256;1153801648;315358256;1153801648
1638187920;2021-11-29 15:12;304424080;1062896368;304424080;1062896368
1638187980;2021-11-29 15:13;311726808;1732963832;311726808;1732963832
1638188040;2021-11-29 15:14;287364664;1050235264;287364664;1050235264
1638188100;2021-11-29 15:15;278151560;1017825520;278151560;1017825520
1638188160;2021-11-29 15:16;319616488;1122835856;319616488;1122835856
1638188220;2021-11-29 15:17;319508976;1047552640;319508976;1047552640
1638188280;2021-11-29 15:18;483923648;1127912240;483923648;1127912240
1638188340;2021-11-29 15:19;510830656;1113765096;510830656;1113765096
1638188400;2021-11-29 15:20;496308256;1127051384;496308256;1127051384
1638188460;2021-11-29 15:21;451826792;1082087352;451826792;1082087352
1638188520;2021-11-29 15:22;422572240;1035442872;422572240;1035442872
1638188580;2021-11-29 15:23;407633024;997923936;407633024;997923936
1638188640;2021-11-29 15:24;424577040;1046761752;424577040;1046761752
1638188700;2021-11-29 15:25;412449584;1050524464;412449584;1050524464
1638188760;2021-11-29 15:26;494182560;1174840912;494182560;1174840912
1638188820;2021-11-29 15:27;525869088;1110105312;525869088;1110105312
1638188880;2021-11-29 15:28;475712664;1078055224;475712664;1078055224
1638188940;2021-11-29 15:29;306233368;1048621488;306233368;1048621488
1638189000;2021-11-29 15:30;252516040;942482360;252516040;942482360
1638189060;2021-11-29 15:31;289247752;1101644064;289247752;1101644064
1638189120;2021-11-29 15:32;275169608;1125777976;275169608;1125777976
1638189180;2021-11-29 15:33;273112984;970274240;273112984;970274240
1638189240;2021-11-29 15:34;288570888;1050722336;288570888;1050722336
1638189300;2021-11-29 15:35;287251576;1011921896;287251576;1011921896
1638189360;2021-11-29 15:36;333929376;1114196824;333929376;1114196824
1638189420;2021-11-29 15:37;282609208;1178119576;282609208;1178119576
1638189480;2021-11-29 15:38;265586672;1127801264;265586672;1127801264
1638189540;2021-11-29 15:39;289032128;1006994456;289032128;1006994456
1638189600;2021-11-29 15:40;291070608;990323624;291070608;990323624
1638189660;2021-11-29 15:41;303889936;1179153696;303889936;1179153696
1638189720;2021-11-29 15:42;248410536;1094273648;248410536;1094273648
1638189780;2021-11-29 15:43;263452064;1062559736;263452064;1062559736
1638189840;2021-11-29 15:44;295165096;1067672576;295165096;1067672576
1638189900;2021-11-29 15:45;273099600;1069578360;273099600;1069578360
1638189960;2021-11-29 15:46;307298448;1101787976;307298448;1101787976
1638190020;2021-11-29 15:47;325968664;1104624264;325968664;1104624264
1638190080;2021-11-29 15:48;336097944;1099995536;336097944;1099995536
1638190140;2021-11-29 15:49;359039064;1205249968;359039064;1205249968
1638190200;2021-11-29 15:50;374720632;1110324832;374720632;1110324832
1638190260;2021-11-29 15:51;313807392;1136256800;313807392;1136256800
1638190320;2021-11-29 15:52;343945448;1085891960;343945448;1085891960
1638190380;2021-11-29 15:53;327514008;1102840584;327514008;1102840584
1638190440;2021-11-29 15:54;335908312;1131609016;335908312;1131609016
1638190500;2021-11-29 15:55;362054424;1127657760;362054424;1127657760
1638190560;2021-11-29 15:56;409509264;1157528648;409509264;1157528648
1638190620;2021-11-29 15:57;434896736;1127639824;434896736;1127639824
1638190680;2021-11-29 15:58;459545376;1094763760;459545376;1094763760
1638190740;2021-11-29 15:59;452863040;1113370952;452863040;1113370952
1638190800;2021-11-29 16:00;402486608;1103424040;402486608;1103424040
1638190860;2021-11-29 16:01;430083936;1284688200;430083936;1284688200
1638190920;2021-11-29 16:02;321011024;1174090312;321011024;1174090312
1638190980;2021-11-29 16:03;286729072;1232071480;286729072;1232071480
1638191040;2021-11-29 16:04;287648792;1130992192;287648792;1130992192
1638191100;2021-11-29 16:05;313738792;1122865664;313738792;1122865664
1638191160;2021-11-29 16:06;344799592;1212506472;344799592;1212506472
1638191220;2021-11-29 16:07;336140064;1165032072;336140064;1165032072
1638191280;2021-11-29 16:08;351617408;1151428408;351617408;1151428408
1638191340;2021-11-29 16:09;437871672;1176614264;437871672;1176614264
1638191400;2021-11-29 16:10;334958872;1126186048;334958872;1126186048
1638191460;2021-11-29 16:11;458465064;1129198088;458465064;1129198088
1638191520;2021-11-29 16:12;450841120;1209019120;450841120;1209019120
1638191580;2021-11-29 16:13;435426656;1235827488;435426656;1235827488
1638191640;2021-11-29 16:14;454352824;1161086368;454352824;1161086368
1638191700;2021-11-29 16:15;478863256;1122910224;478863256;1122910224
1638191760;2021-11-29 16:16;473461656;1220471856;473461656;1220471856
1638191820;2021-11-29 16:17;454387296;1160204024;454387296;1160204024
1638191880;2021-11-29 16:18;476883696;1291084336;476883696;1291084336
1638191940;2021-11-29 16:19;438063560;1206093184;438063560;1206093184
1638192000;2021-11-29 16:20;423867416;1032731320;423867416;1032731320
1638192060;2021-11-29 16:21;484480104;1202450656;484480104;1202450656
1638192120;2021-11-29 16:22;475127280;1115493328;475127280;1115493328
1638192180;2021-11-29 16:23;422155432;1059413088;422155432;1059413088
1638192240;2021-11-29 16:24;425507240;1170356048;425507240;1170356048
1638192300;2021-11-29 16:25;348279792;1033143232;348279792;1033143232
1638192360;2021-11-29 16:26;371438024;1211841576;371438024;1211841576
1638192420;2021-11-29 16:27;387235256;1223141912;387235256;1223141912
1638192480;2021-11-29 16:28;382480184;1132574048;382480184;1132574048
1638192540;2021-11-29 16:29;399948592;1158019056;399948592;1158019056
1638192600;2021-11-29 16:30;378271800;1056009744;378271800;1056009744
1638192660;2021-11-29 16:31;508071296;1188446464;508071296;1188446464
1638192720;2021-11-29 16:32;532810952;1192589840;532810952;1192589840
1638192780;2021-11-29 16:33;537317544;1151239784;537317544;1151239784
1638192840;2021-11-29 16:34;463508872;1113495512;463508872;1113495512
1638192900;2021-11-29 16:35;392760760;1285282432;392760760;1285282432
1638192960;2021-11-29 16:36;408272264;1118368568;408272264;1118368568
1638193020;2021-11-29 16:37;429564328;1066742832;429564328;1066742832
1638193080;2021-11-29 16:38;361293024;1089694024;361293024;1089694024
1638193140;2021-11-29 16:39;337686520;1072716712;337686520;1072716712
1638193200;2021-11-29 16:40;313005784;1034220960;313005784;1034220960
1638193260;2021-11-29 16:41;325874208;1272447960;325874208;1272447960
1638193320;2021-11-29 16:42;306530256;1150742048;306530256;1150742048
1638193380;2021-11-29 16:43;299442720;1156217912;299442720;1156217912
1638193440;2021-11-29 16:44;284699088;1121093456;284699088;1121093456
1638193500;2021-11-29 16:45;412947640;1036372880;412947640;1036372880
1638193560;2021-11-29 16:46;541847776;1069098488;541847776;1069098488
1638193620;2021-11-29 16:47;400363920;975601584;400363920;975601584
1638193680;2021-11-29 16:48;329308168;977100088;329308168;977100088
1638193740;2021-11-29 16:49;315205248;1020090136;315205248;1020090136
1638193800;2021-11-29 16:50;324350312;1085017624;324350312;1085017624
1638193860;2021-11-29 16:51;422607096;1035059392;422607096;1035059392
1638193920;2021-11-29 16:52;387136600;1053924808;387136600;1053924808
1638193980;2021-11-29 16:53;355100528;1038182944;355100528;1038182944
1638194040;2021-11-29 16:54;455084056;1039177936;455084056;1039177936
1638194100;2021-11-29 16:55;308715168;924846664;308715168;924846664
1638194160;2021-11-29 16:56;361970768;1008543560;361970768;1008543560
1638194220;2021-11-29 16:57;342273992;1047392040;342273992;1047392040
1638194280;2021-11-29 16:58;336826640;1118125312;336826640;1118125312
1638194340;2021-11-29 16:59;321975272;1149341968;321975272;1149341968
1638194400;2021-11-29 17:00;313186656;1126500528;313186656;1126500528
1638194460;2021-11-29 17:01;333393224;1372845728;333393224;1372845728
1638194520;2021-11-29 17:02;354954952;1102167960;354954952;1102167960
1638194580;2021-11-29 17:03;437766728;1157561688;437766728;1157561688
1638194640;2021-11-29 17:04;458919984;1191376248;458919984;1191376248
1638194700;2021-11-29 17:05;389641072;1119498080;389641072;1119498080
1638194760;2021-11-29 17:06;383697432;1087084240;383697432;1087084240
1638194820;2021-11-29 17:07;402729912;1050388976;402729912;1050388976
1638194880;2021-11-29 17:08;379527208;1074732976;379527208;1074732976
1638194940;2021-11-29 17:09;431353024;1124009272;431353024;1124009272
1638195000;2021-11-29 17:10;512661576;1246744056;512661576;1246744056
1638195060;2021-11-29 17:11;449201304;1087781392;449201304;1087781392
1638195120;2021-11-29 17:12;372584600;1163888168;372584600;1163888168
1638195180;2021-11-29 17:13;348445768;1133241624;348445768;1133241624
1638195240;2021-11-29 17:14;361649512;1205218152;361649512;1205218152
1638195300;2021-11-29 17:15;364239664;1252799416;364239664;1252799416
1638195360;2021-11-29 17:16;340175256;1308406112;340175256;1308406112
1638195420;2021-11-29 17:17;339102000;1105050152;339102000;1105050152
1638195480;2021-11-29 17:18;407042800;1119556152;407042800;1119556152
1638195540;2021-11-29 17:19;531394592;1097647008;531394592;1097647008
1638195600;2021-11-29 17:20;309139288;1081657472;309139288;1081657472
1638195660;2021-11-29 17:21;352669832;1287217024;352669832;1287217024
1638195720;2021-11-29 17:22;295726400;1574396816;295726400;1574396816
1638195780;2021-11-29 17:23;279727184;1318915424;279727184;1318915424
1638195840;2021-11-29 17:24;302203160;1327744536;302203160;1327744536
1638195900;2021-11-29 17:25;295320400;1172346840;295320400;1172346840
1638195960;2021-11-29 17:26;314396512;1240722800;314396512;1240722800
1638196020;2021-11-29 17:27;285802848;1071157832;285802848;1071157832
1638196080;2021-11-29 17:28;311299128;1054731360;311299128;1054731360
1638196140;2021-11-29 17:29;296252456;1006168840;296252456;1006168840
1638196200;2021-11-29 17:30;281117408;981054784;281117408;981054784
1638196260;2021-11-29 17:31;309789848;1157044912;309789848;1157044912
1638196320;2021-11-29 17:32;302474696;1130750088;302474696;1130750088
1638196380;2021-11-29 17:33;318477504;1130223016;318477504;1130223016
1638196440;2021-11-29 17:34;323743280;1095779008;323743280;1095779008
1638196500;2021-11-29 17:35;301792008;984181680;301792008;984181680
1638196560;2021-11-29 17:36;346135120;1127391832;346135120;1127391832
1638196620;2021-11-29 17:37;479654648;1153280832;479654648;1153280832
1638196680;2021-11-29 17:38;339339592;1087439040;339339592;1087439040
1638196740;2021-11-29 17:39;377894720;1062829952;377894720;1062829952
1638196800;2021-11-29 17:40;380952992;919881224;380952992;919881224
1638196860;2021-11-29 17:41;485018352;1055049888;485018352;1055049888
1638196920;2021-11-29 17:42;438411744;1188192464;438411744;1188192464
1638196980;2021-11-29 17:43;394432736;1012324920;394432736;1012324920
1638197040;2021-11-29 17:44;388271560;1087241632;388271560;1087241632
1638197100;2021-11-29 17:45;304119736;1047128920;304119736;1047128920
1638197160;2021-11-29 17:46;292491912;1086829248;292491912;1086829248
1638197220;2021-11-29 17:47;272443424;1124271024;272443424;1124271024
1638197280;2021-11-29 17:48;299351304;1060188264;299351304;1060188264
1638197340;2021-11-29 17:49;284108664;1113031488;284108664;1113031488
1638197400;2021-11-29 17:50;271739328;1072442496;271739328;1072442496
1638197460;2021-11-29 17:51;290677664;1166584928;290677664;1166584928
1638197520;2021-11-29 17:52;312037296;1185428048;312037296;1185428048
1638197580;2021-11-29 17:53;338144856;1110242064;338144856;1110242064
1638197640;2021-11-29 17:54;458129408;1085145312;458129408;1085145312
1638197700;2021-11-29 17:55;492719672;1072342336;492719672;1072342336
1638197760;2021-11-29 17:56;475134824;1112427512;475134824;1112427512
1638197820;2021-11-29 17:57;417089920;1112828880;417089920;1112828880
1638197880;2021-11-29 17:58;522318888;1158877488;522318888;1158877488
1638197940;2021-11-29 17:59;568236600;1211616768;568236600;1211616768
1638198000;2021-11-29 18:00;486933760;980553512;486933760;980553512
1638198060;2021-11-29 18:01;403298648;1060018128;403298648;1060018128
1638198120;2021-11-29 18:02;346307472;986246184;346307472;986246184
1638198180;2021-11-29 18:03;329736920;953845832;329736920;953845832
1638198240;2021-11-29 18:04;310398392;949301504;310398392;949301504
1638198300;2021-11-29 18:05;278243648;964656824;278243648;964656824
1638198360;2021-11-29 18:06;274313176;1029759648;274313176;1029759648
1638198420;2021-11-29 18:07;232657496;1011677768;232657496;1011677768
1638198480;2021-11-29 18:08;224228488;979050816;224228488;979050816
1638198540;2021-11-29 18:09;205703096;964108608;205703096;964108608
1638198600;2021-11-29 18:10;191399496;995812896;191399496;995812896
1638198660;2021-11-29 18:11;247287008;1153895320;247287008;1153895320
1638198720;2021-11-29 18:12;220386672;981340912;220386672;981340912
1638198780;2021-11-29 18:13;253277064;971456720;253277064;971456720
1638198840;2021-11-29 18:14;258172448;962054792;258172448;962054792
1638198900;2021-11-29 18:15;262307576;921907848;262307576;921907848
1638198960;2021-11-29 18:16;281217616;1136735376;281217616;1136735376
1638199020;2021-11-29 18:17;278078728;982212904;278078728;982212904
1638199080;2021-11-29 18:18;258145840;1014825008;258145840;1014825008
1638199140;2021-11-29 18:19;275017888;1004428672;275017888;1004428672
1638199200;2021-11-29 18:20;265957928;1098380104;265957928;1098380104
1638199260;2021-11-29 18:21;272925120;1110102880;272925120;1110102880
1638199320;2021-11-29 18:22;213805688;1003800360;213805688;1003800360
1638199380;2021-11-29 18:23;214422416;922157312;214422416;922157312
1638199440;2021-11-29 18:24;203261008;984826784;203261008;984826784
1638199500;2021-11-29 18:25;214283400;903265520;214283400;903265520
1638199560;2021-11-29 18:26;237073496;1084531944;237073496;1084531944
1638199620;2021-11-29 18:27;225591104;925797944;225591104;925797944
1638199680;2021-11-29 18:28;322361344;1020425320;322361344;1020425320
1638199740;2021-11-29 18:29;206944608;1026293008;206944608;1026293008
1638199800;2021-11-29 18:30;197112240;915909016;197112240;915909016
1638199860;2021-11-29 18:31;230697888;1134404536;230697888;1134404536
1638199920;2021-11-29 18:32;205425080;1003439600;205425080;1003439600
1638199980;2021-11-29 18:33;219001208;1083681240;219001208;1083681240
1638200040;2021-11-29 18:34;236239152;1079370512;236239152;1079370512
1638200100;2021-11-29 18:35;262783184;809869768;262783184;809869768
1638200160;2021-11-29 18:36;351215616;1027548576;351215616;1027548576
1638200220;2021-11-29 18:37;216739360;835328448;216739360;835328448
1638200280;2021-11-29 18:38;204768952;900254568;204768952;900254568
1638200340;2021-11-29 18:39;203711664;963442120;203711664;963442120
1638200400;2021-11-29 18:40;198118616;950534952;198118616;950534952
1638200460;2021-11-29 18:41;204599408;947998168;204599408;947998168
1638200520;2021-11-29 18:42;198984616;860874560;198984616;860874560
1638200580;2021-11-29 18:43;212381240;837982680;212381240;837982680
1638200640;2021-11-29 18:44;215880632;881320528;215880632;881320528
1638200700;2021-11-29 18:45;191601760;1069719336;191601760;1069719336
1638200760;2021-11-29 18:46;216698752;981869720;216698752;981869720
1638200820;2021-11-29 18:47;201667416;921047776;201667416;921047776
1638200880;2021-11-29 18:48;209656784;921030896;209656784;921030896
1638200940;2021-11-29 18:49;207338416;933319120;207338416;933319120
1638201000;2021-11-29 18:50;196698856;842354888;196698856;842354888
1638201060;2021-11-29 18:51;221813632;1009796504;221813632;1009796504
1638201120;2021-11-29 18:52;192361824;994692224;192361824;994692224
1638201180;2021-11-29 18:53;192206336;931921840;192206336;931921840
1638201240;2021-11-29 18:54;184360840;914023264;184360840;914023264
1638201300;2021-11-29 18:55;174924992;911851480;174924992;911851480
1638201360;2021-11-29 18:56;182729272;858365432;182729272;858365432
1638201420;2021-11-29 18:57;187418312;828035208;187418312;828035208
1638201480;2021-11-29 18:58;198360424;886445424;198360424;886445424
1638201540;2021-11-29 18:59;183830536;906255312;183830536;906255312
1638201600;2021-11-29 19:00;179682688;840528840;179682688;840528840
1638201660;2021-11-29 19:01;185091960;888077960;185091960;888077960
1638201720;2021-11-29 19:02;172884152;891773592;172884152;891773592
1638201780;2021-11-29 19:03;181430752;827823128;181430752;827823128
1638201840;2021-11-29 19:04;176781232;867328112;176781232;867328112
1638201900;2021-11-29 19:05;182829568;830774280;182829568;830774280
1638201960;2021-11-29 19:06;192889296;946650064;192889296;946650064
1638202020;2021-11-29 19:07;193772352;890697440;193772352;890697440
1638202080;2021-11-29 19:08;189657664;805906584;189657664;805906584
1638202140;2021-11-29 19:09;188858456;790673584;188858456;790673584
1638202200;2021-11-29 19:10;234449016;813460376;234449016;813460376
1638202260;2021-11-29 19:11;385720064;902185136;385720064;902185136
1638202320;2021-11-29 19:12;276538480;876766792;276538480;876766792
1638202380;2021-11-29 19:13;179030152;853661288;179030152;853661288
1638202440;2021-11-29 19:14;185663384;909274920;185663384;909274920
1638202500;2021-11-29 19:15;161295176;712366528;161295176;712366528
1638202560;2021-11-29 19:16;194231472;857445920;194231472;857445920
1638202620;2021-11-29 19:17;163990992;842635896;163990992;842635896
1638202680;2021-11-29 19:18;158866792;837737200;158866792;837737200
1638202740;2021-11-29 19:19;169265752;778425920;169265752;778425920
1638202800;2021-11-29 19:20;191537064;806470704;191537064;806470704
1638202860;2021-11-29 19:21;213056232;905427752;213056232;905427752
1638202920;2021-11-29 19:22;224703776;828199672;224703776;828199672
1638202980;2021-11-29 19:23;203546520;722067088;203546520;722067088
1638203040;2021-11-29 19:24;199676504;755371952;199676504;755371952
1638203100;2021-11-29 19:25;192941656;690443536;192941656;690443536
1638203160;2021-11-29 19:26;255818608;812792136;255818608;812792136
1638203220;2021-11-29 19:27;225729848;696281840;225729848;696281840
1638203280;2021-11-29 19:28;217373104;764194416;217373104;764194416
1638203340;2021-11-29 19:29;203525280;685393032;203525280;685393032
1638203400;2021-11-29 19:30;183829736;675977240;183829736;675977240
1638203460;2021-11-29 19:31;222915088;797949496;222915088;797949496
1638203520;2021-11-29 19:32;182417440;699456088;182417440;699456088
1638203580;2021-11-29 19:33;209862216;804383216;209862216;804383216
1638203640;2021-11-29 19:34;192747304;809099216;192747304;809099216
1638203700;2021-11-29 19:35;163685584;691210664;163685584;691210664
1638203760;2021-11-29 19:36;195783336;832339552;195783336;832339552
1638203820;2021-11-29 19:37;171908800;774004224;171908800;774004224
1638203880;2021-11-29 19:38;169688664;724490288;169688664;724490288
1638203940;2021-11-29 19:39;181105688;743242608;181105688;743242608
1638204000;2021-11-29 19:40;187887168;674882064;187887168;674882064
1638204060;2021-11-29 19:41;208095960;768927888;208095960;768927888
1638204120;2021-11-29 19:42;214828152;799987168;214828152;799987168
1638204180;2021-11-29 19:43;189251368;733765408;189251368;733765408
1638204240;2021-11-29 19:44;188982984;743201920;188982984;743201920
1638204300;2021-11-29 19:45;178651296;752041520;178651296;752041520
1638204360;2021-11-29 19:46;195767088;820610360;195767088;820610360
1638204420;2021-11-29 19:47;180047216;785452416;180047216;785452416
1638204480;2021-11-29 19:48;184245480;774681280;184245480;774681280
1638204540;2021-11-29 19:49;181559152;762401632;181559152;762401632
1638204600;2021-11-29 19:50;184398888;738898024;184398888;738898024
1638204660;2021-11-29 19:51;209780944;782358776;209780944;782358776
1638204720;2021-11-29 19:52;203026400;828853512;203026400;828853512
1638204780;2021-11-29 19:53;212153976;854927816;212153976;854927816
1638204840;2021-11-29 19:54;224570000;856958392;224570000;856958392
1638204900;2021-11-29 19:55;253379264;804853552;253379264;804853552
1638204960;2021-11-29 19:56;282869840;876435464;282869840;876435464
1638205020;2021-11-29 19:57;248693072;879491872;248693072;879491872
1638205080;2021-11-29 19:58;263316120;743611312;263316120;743611312
1638205140;2021-11-29 19:59;263158568;743349256;263158568;743349256
1638205200;2021-11-29 20:00;256054208;775149448;256054208;775149448
1638205260;2021-11-29 20:01;256352800;772888696;256352800;772888696
1638205320;2021-11-29 20:02;282545968;838506584;282545968;838506584
1638205380;2021-11-29 20:03;352503176;941037680;352503176;941037680
1638205440;2021-11-29 20:04;249107152;792112584;249107152;792112584
1638205500;2021-11-29 20:05;248528440;832772408;248528440;832772408
1638205560;2021-11-29 20:06;299513688;812731400;299513688;812731400
1638205620;2021-11-29 20:07;233650352;792878000;233650352;792878000
1638205680;2021-11-29 20:08;237645464;806983368;237645464;806983368
1638205740;2021-11-29 20:09;228111912;799291008;228111912;799291008
1638205800;2021-11-29 20:10;226973896;719708984;226973896;719708984
1638205860;2021-11-29 20:11;230027712;734387992;230027712;734387992
1638205920;2021-11-29 20:12;232838760;727107704;232838760;727107704
1638205980;2021-11-29 20:13;225019704;756740184;225019704;756740184
1638206040;2021-11-29 20:14;234414144;772060968;234414144;772060968
1638206100;2021-11-29 20:15;209396024;724364856;209396024;724364856
1638206160;2021-11-29 20:16;235525352;839905328;235525352;839905328
1638206220;2021-11-29 20:17;336608000;772701136;336608000;772701136
1638206280;2021-11-29 20:18;477530032;797092736;477530032;797092736
1638206340;2021-11-29 20:19;337176792;740630760;337176792;740630760
1638206400;2021-11-29 20:20;226651704;719999936;226651704;719999936
1638206460;2021-11-29 20:21;309813296;836257384;309813296;836257384
1638206520;2021-11-29 20:22;259011744;844676584;259011744;844676584
1638206580;2021-11-29 20:23;254861072;800099256;254861072;800099256
1638206640;2021-11-29 20:24;274127296;816378192;274127296;816378192
1638206700;2021-11-29 20:25;253100144;710987328;253100144;710987328
1638206760;2021-11-29 20:26;301745856;842724344;301745856;842724344
1638206820;2021-11-29 20:27;277748024;746418784;277748024;746418784
1638206880;2021-11-29 20:28;289084944;768815376;289084944;768815376
1638206940;2021-11-29 20:29;290299720;754488664;290299720;754488664
1638207000;2021-11-29 20:30;263766416;756840472;263766416;756840472
1638207060;2021-11-29 20:31;277868024;756202408;277868024;756202408
1638207120;2021-11-29 20:32;296074320;901017816;296074320;901017816
1638207180;2021-11-29 20:33;324189240;802693048;324189240;802693048
1638207240;2021-11-29 20:34;297168704;889760008;297168704;889760008
1638207300;2021-11-29 20:35;280635360;735688712;280635360;735688712
1638207360;2021-11-29 20:36;329907776;882590712;329907776;882590712
1638207420;2021-11-29 20:37;289395600;852099184;289395600;852099184
1638207480;2021-11-29 20:38;294239536;834935864;294239536;834935864
1638207540;2021-11-29 20:39;261526240;795571800;261526240;795571800
1638207600;2021-11-29 20:40;248602088;762229896;248602088;762229896
1638207660;2021-11-29 20:41;276957712;815390152;276957712;815390152
1638207720;2021-11-29 20:42;258623720;729190528;258623720;729190528
1638207780;2021-11-29 20:43;253300504;873752816;253300504;873752816
1638207840;2021-11-29 20:44;275783952;801442752;275783952;801442752
1638207900;2021-11-29 20:45;298551104;813271880;298551104;813271880
1638207960;2021-11-29 20:46;313919248;841583312;313919248;841583312
1638208020;2021-11-29 20:47;297047024;897843384;297047024;897843384
1638208080;2021-11-29 20:48;278062576;832130600;278062576;832130600
1638208140;2021-11-29 20:49;289672776;810903224;289672776;810903224
1638208200;2021-11-29 20:50;296323264;793757744;296323264;793757744
1638208260;2021-11-29 20:51;313224720;827026360;313224720;827026360
1638208320;2021-11-29 20:52;325177336;815100512;325177336;815100512
1638208380;2021-11-29 20:53;316166640;845681208;316166640;845681208
1638208440;2021-11-29 20:54;293035168;784362848;293035168;784362848
1638208500;2021-11-29 20:55;286580536;800910184;286580536;800910184
1638208560;2021-11-29 20:56;318166696;843623640;318166696;843623640
1638208620;2021-11-29 20:57;286937360;804001120;286937360;804001120
1638208680;2021-11-29 20:58;297153816;824087736;297153816;824087736
1638208740;2021-11-29 20:59;287736440;837728664;287736440;837728664
1638208800;2021-11-29 21:00;248132016;810570072;248132016;810570072
1638208860;2021-11-29 21:01;270764584;798516008;270764584;798516008
1638208920;2021-11-29 21:02;252076384;801393920;252076384;801393920
1638208980;2021-11-29 21:03;312166472;757945360;312166472;757945360
1638209040;2021-11-29 21:04;434042280;773938688;434042280;773938688
1638209100;2021-11-29 21:05;240705016;682061968;240705016;682061968
1638209160;2021-11-29 21:06;274091880;825155360;274091880;825155360
1638209220;2021-11-29 21:07;250948928;740810720;250948928;740810720
1638209280;2021-11-29 21:08;293536472;830450360;293536472;830450360
1638209340;2021-11-29 21:09;263964856;830001208;263964856;830001208
1638209400;2021-11-29 21:10;252217336;667833432;252217336;667833432
1638209460;2021-11-29 21:11;276820032;770157416;276820032;770157416
1638209520;2021-11-29 21:12;263213136;762504400;263213136;762504400
1638209580;2021-11-29 21:13;276307568;738880040;276307568;738880040
1638209640;2021-11-29 21:14;261495360;719109280;261495360;719109280
1638209700;2021-11-29 21:15;248653720;739140560;248653720;739140560
1638209760;2021-11-29 21:16;275887992;880703752;275887992;880703752
1638209820;2021-11-29 21:17;244955216;716895232;244955216;716895232
1638209880;2021-11-29 21:18;262148240;741869856;262148240;741869856
1638209940;2021-11-29 21:19;274246688;760881048;274246688;760881048
1638210000;2021-11-29 21:20;250706808;645532280;250706808;645532280
1638210060;2021-11-29 21:21;337990904;826678704;337990904;826678704
1638210120;2021-11-29 21:22;283336104;835225232;283336104;835225232
1638210180;2021-11-29 21:23;278149080;741299480;278149080;741299480
1638210240;2021-11-29 21:24;251415064;694064216;251415064;694064216
1638210300;2021-11-29 21:25;243787432;670353944;243787432;670353944
1638210360;2021-11-29 21:26;254815448;713566240;254815448;713566240
1638210420;2021-11-29 21:27;236481104;728950656;236481104;728950656
1638210480;2021-11-29 21:28;223640832;914778344;223640832;914778344
1638210540;2021-11-29 21:29;278297024;844398672;278297024;844398672
1638210600;2021-11-29 21:30;324471520;705972944;324471520;705972944
1638210660;2021-11-29 21:31;250286048;751087992;250286048;751087992
1638210720;2021-11-29 21:32;238523256;770529320;238523256;770529320
1638210780;2021-11-29 21:33;240293384;747386304;240293384;747386304
1638210840;2021-11-29 21:34;260341136;838179200;260341136;838179200
1638210900;2021-11-29 21:35;231267248;769696536;231267248;769696536
1638210960;2021-11-29 21:36;288138360;939603352;288138360;939603352
1638211020;2021-11-29 21:37;225208824;813742936;225208824;813742936
1638211080;2021-11-29 21:38;239095736;1096453104;239095736;1096453104
1638211140;2021-11-29 21:39;302642408;798347736;302642408;798347736
1638211200;2021-11-29 21:40;219711904;761252464;219711904;761252464
1638211260;2021-11-29 21:41;241682112;850944008;241682112;850944008
1638211320;2021-11-29 21:42;235763160;783699448;235763160;783699448
1638211380;2021-11-29 21:43;286357160;775536888;286357160;775536888
1638211440;2021-11-29 21:44;247352832;763895432;247352832;763895432
1638211500;2021-11-29 21:45;273389136;685217888;273389136;685217888
1638211560;2021-11-29 21:46;295666520;731859320;295666520;731859320
1638211620;2021-11-29 21:47;285335280;811786944;285335280;811786944
1638211680;2021-11-29 21:48;283834392;758479392;283834392;758479392
1638211740;2021-11-29 21:49;272490368;771698344;272490368;771698344
1638211800;2021-11-29 21:50;254188200;772349912;254188200;772349912
1638211860;2021-11-29 21:51;276495872;800111256;276495872;800111256
1638211920;2021-11-29 21:52;271029520;763171824;271029520;763171824
1638211980;2021-11-29 21:53;253671616;757654536;253671616;757654536
1638212040;2021-11-29 21:54;267782568;771835832;267782568;771835832
1638212100;2021-11-29 21:55;230041800;773617952;230041800;773617952
1638212160;2021-11-29 21:56;252012616;790407992;252012616;790407992
1638212220;2021-11-29 21:57;264353832;735785072;264353832;735785072
1638212280;2021-11-29 21:58;254669632;742933824;254669632;742933824
1638212340;2021-11-29 21:59;238427656;776622080;238427656;776622080
1638212400;2021-11-29 22:00;245142272;799989888;245142272;799989888
1638212460;2021-11-29 22:01;247944736;771175744;247944736;771175744
1638212520;2021-11-29 22:02;251873296;806692176;251873296;806692176
1638212580;2021-11-29 22:03;232829208;824064120;232829208;824064120
1638212640;2021-11-29 22:04;258612056;823869336;258612056;823869336
1638212700;2021-11-29 22:05;247651560;717081488;247651560;717081488
1638212760;2021-11-29 22:06;282706640;820902216;282706640;820902216
1638212820;2021-11-29 22:07;260285592;799077592;260285592;799077592
1638212880;2021-11-29 22:08;217444368;883337536;217444368;883337536
1638212940;2021-11-29 22:09;209571712;814880616;209571712;814880616
1638213000;2021-11-29 22:10;240300760;722089112;240300760;722089112
1638213060;2021-11-29 22:11;248349240;792444456;248349240;792444456
1638213120;2021-11-29 22:12;239762752;826944672;239762752;826944672
1638213180;2021-11-29 22:13;249508176;810555504;249508176;810555504
1638213240;2021-11-29 22:14;290409112;1026877928;290409112;1026877928
1638213300;2021-11-29 22:15;277166984;766270936;277166984;766270936
1638213360;2021-11-29 22:16;261410344;794284568;261410344;794284568
1638213420;2021-11-29 22:17;229320824;735648280;229320824;735648280
1638213480;2021-11-29 22:18;260761072;768171704;260761072;768171704
1638213540;2021-11-29 22:19;226280872;717252368;226280872;717252368
1638213600;2021-11-29 22:20;211697816;683040536;211697816;683040536
1638213660;2021-11-29 22:21;278453032;799572664;278453032;799572664
1638213720;2021-11-29 22:22;239298704;751088832;239298704;751088832
1638213780;2021-11-29 22:23;246469504;750340712;246469504;750340712
1638213840;2021-11-29 22:24;233153680;666811376;233153680;666811376
1638213900;2021-11-29 22:25;294849904;679087944;294849904;679087944
1638213960;2021-11-29 22:26;369677800;866017360;369677800;866017360
1638214020;2021-11-29 22:27;253277792;731059096;253277792;731059096
1638214080;2021-11-29 22:28;214041272;711827600;214041272;711827600
1638214140;2021-11-29 22:29;227780096;733625784;227780096;733625784
1638214200;2021-11-29 22:30;208140912;791159216;208140912;791159216
1638214260;2021-11-29 22:31;213079216;742887848;213079216;742887848
1638214320;2021-11-29 22:32;206534960;743221688;206534960;743221688
1638214380;2021-11-29 22:33;225323416;806323256;225323416;806323256
1638214440;2021-11-29 22:34;209257328;746324088;209257328;746324088
1638214500;2021-11-29 22:35;232671080;725787624;232671080;725787624
1638214560;2021-11-29 22:36;222773160;797378760;222773160;797378760
1638214620;2021-11-29 22:37;222453032;745689272;222453032;745689272
1638214680;2021-11-29 22:38;230711304;820570736;230711304;820570736
1638214740;2021-11-29 22:39;206066872;799685488;206066872;799685488
1638214800;2021-11-29 22:40;201568624;751711856;201568624;751711856
1638214860;2021-11-29 22:41;206730472;782717936;206730472;782717936
1638214920;2021-11-29 22:42;221028816;778231088;221028816;778231088
1638214980;2021-11-29 22:43;222565304;770915112;222565304;770915112
1638215040;2021-11-29 22:44;227637176;840792872;227637176;840792872
1638215100;2021-11-29 22:45;234344608;897611976;234344608;897611976
1638215160;2021-11-29 22:46;246464912;851661312;246464912;851661312
1638215220;2021-11-29 22:47;229317120;861176816;229317120;861176816
1638215280;2021-11-29 22:48;235135696;832905424;235135696;832905424
1638215340;2021-11-29 22:49;275022288;825027800;275022288;825027800
1638215400;2021-11-29 22:50;254174000;827557488;254174000;827557488
1638215460;2021-11-29 22:51;207150096;922171864;207150096;922171864
1638215520;2021-11-29 22:52;193187312;836256304;193187312;836256304
1638215580;2021-11-29 22:53;194154944;729527104;194154944;729527104
1638215640;2021-11-29 22:54;209071096;845667464;209071096;845667464
1638215700;2021-11-29 22:55;200913504;756867872;200913504;756867872
1638215760;2021-11-29 22:56;218671872;822423768;218671872;822423768
1638215820;2021-11-29 22:57;198326960;782352752;198326960;782352752
1638215880;2021-11-29 22:58;190115664;781807072;190115664;781807072
1638215940;2021-11-29 22:59;195712928;931084296;195712928;931084296
1638216000;2021-11-29 23:00;200997656;850112256;200997656;850112256
1638216060;2021-11-29 23:01;249808040;848634008;249808040;848634008
1638216120;2021-11-29 23:02;205836944;869156680;205836944;869156680
1638216180;2021-11-29 23:03;207512568;760423136;207512568;760423136
1638216240;2021-11-29 23:04;201997664;763353368;201997664;763353368
1638216300;2021-11-29 23:05;200164336;737987168;200164336;737987168
1638216360;2021-11-29 23:06;253488600;857751640;253488600;857751640
1638216420;2021-11-29 23:07;221385016;825106952;221385016;825106952
1638216480;2021-11-29 23:08;276716024;781166832;276716024;781166832
1638216540;2021-11-29 23:09;487066720;774880336;487066720;774880336
1638216600;2021-11-29 23:10;479933592;751869104;479933592;751869104
1638216660;2021-11-29 23:11;253193992;819141448;253193992;819141448
1638216720;2021-11-29 23:12;229555480;780404848;229555480;780404848
1638216780;2021-11-29 23:13;217306456;761168360;217306456;761168360
1638216840;2021-11-29 23:14;222154480;766344408;222154480;766344408
1638216900;2021-11-29 23:15;212361376;939114128;212361376;939114128
1638216960;2021-11-29 23:16;243086304;1103486720;243086304;1103486720
1638217020;2021-11-29 23:17;221780576;1056398216;221780576;1056398216
1638217080;2021-11-29 23:18;234592656;1095776480;234592656;1095776480
1638217140;2021-11-29 23:19;225572344;1063702096;225572344;1063702096
1638217200;2021-11-29 23:20;215350760;988056856;215350760;988056856
1638217260;2021-11-29 23:21;237350168;1141613824;237350168;1141613824
1638217320;2021-11-29 23:22;229565816;1044687160;229565816;1044687160
1638217380;2021-11-29 23:23;216556792;1050259920;216556792;1050259920
1638217440;2021-11-29 23:24;205929608;999138216;205929608;999138216
1638217500;2021-11-29 23:25;196547264;1112231464;196547264;1112231464
1638217560;2021-11-29 23:26;239620584;1014080256;239620584;1014080256
1638217620;2021-11-29 23:27;213643104;971405112;213643104;971405112
1638217680;2021-11-29 23:28;238238864;916508520;238238864;916508520
1638217740;2021-11-29 23:29;219791864;930195928;219791864;930195928
1638217800;2021-11-29 23:30;202911872;914343176;202911872;914343176
1638217860;2021-11-29 23:31;240842504;1021332072;240842504;1021332072
1638217920;2021-11-29 23:32;228506872;998052872;228506872;998052872
1638217980;2021-11-29 23:33;245486520;900153624;245486520;900153624
1638218040;2021-11-29 23:34;215151512;931171696;215151512;931171696
1638218100;2021-11-29 23:35;208333120;982326448;208333120;982326448
1638218160;2021-11-29 23:36;235128264;950191856;235128264;950191856
1638218220;2021-11-29 23:37;250153960;839278496;250153960;839278496
1638218280;2021-11-29 23:38;211484280;741071872;211484280;741071872
1638218340;2021-11-29 23:39;197235272;682241896;197235272;682241896
1638218400;2021-11-29 23:40;171731664;666041784;171731664;666041784
1638218460;2021-11-29 23:41;203867232;924168784;203867232;924168784
1638218520;2021-11-29 23:42;228122248;805266088;228122248;805266088
1638218580;2021-11-29 23:43;221702864;767083600;221702864;767083600
1638218640;2021-11-29 23:44;240199368;891255304;240199368;891255304
1638218700;2021-11-29 23:45;247477168;990373384;247477168;990373384
1638218760;2021-11-29 23:46;285746960;793694968;285746960;793694968
1638218820;2021-11-29 23:47;217129336;735477904;217129336;735477904
1638218880;2021-11-29 23:48;157676984;655527960;157676984;655527960
1638218940;2021-11-29 23:49;138606696;655442512;138606696;655442512
1638219000;2021-11-29 23:50;113488480;693429992;113488480;693429992
1638219060;2021-11-29 23:51;130939064;806038328;130939064;806038328
1638219120;2021-11-29 23:52;144269448;721642248;144269448;721642248
1638219180;2021-11-29 23:53;121194536;779768696;121194536;779768696
1638219240;2021-11-29 23:54;124694408;672922712;124694408;672922712
1638219300;2021-11-29 23:55;114365720;505910904;114365720;505910904
1638219360;2021-11-29 23:56;163232152;615893320;163232152;615893320
1638219420;2021-11-29 23:57;163255288;608874496;163255288;608874496
1638219480;2021-11-29 23:58;157114416;692210112;157114416;692210112
1638219540;2021-11-29 23:59;138014304;649082640;138014304;649082640
