Timestamp;DateTime;Pirog17-cr1_ae0.94(AS209445 Telecom5)_tx;Pirog17-cr1_ae0.94(AS209445 Telecom5)_rx;Aggregated_tx;Aggregated_rx
1636578000;2021-11-11 00:00;35906704;60194520;35906704;60194520
1636578060;2021-11-11 00:01;121103544;64628512;121103544;64628512
1636578120;2021-11-11 00:02;105610904;69575352;105610904;69575352
1636578180;2021-11-11 00:03;103952376;60725840;103952376;60725840
1636578240;2021-11-11 00:04;104842104;62106824;104842104;62106824
1636578300;2021-11-11 00:05;93971456;58290440;93971456;58290440
1636578360;2021-11-11 00:06;111547496;102878376;111547496;102878376
1636578420;2021-11-11 00:07;110365704;117160352;110365704;117160352
1636578480;2021-11-11 00:08;104551512;123002272;104551512;123002272
1636578540;2021-11-11 00:09;108115376;115607976;108115376;115607976
1636578600;2021-11-11 00:10;104792520;127688088;104792520;127688088
1636578660;2021-11-11 00:11;102378264;131026896;102378264;131026896
1636578720;2021-11-11 00:12;83417144;138538952;83417144;138538952
1636578780;2021-11-11 00:13;37520568;110806488;37520568;110806488
1636578840;2021-11-11 00:14;38335616;102283880;38335616;102283880
1636578900;2021-11-11 00:15;40425648;102651016;40425648;102651016
1636578960;2021-11-11 00:16;39240920;102869848;39240920;102869848
1636579020;2021-11-11 00:17;35335848;90796256;35335848;90796256
1636579080;2021-11-11 00:18;35537448;77568416;35537448;77568416
1636579140;2021-11-11 00:19;32272720;59485760;32272720;59485760
1636579200;2021-11-11 00:20;37061136;70479408;37061136;70479408
1636579260;2021-11-11 00:21;44934224;69290536;44934224;69290536
1636579320;2021-11-11 00:22;38168640;69843056;38168640;69843056
1636579380;2021-11-11 00:23;34299424;65721376;34299424;65721376
1636579440;2021-11-11 00:24;40494912;98985224;40494912;98985224
1636579500;2021-11-11 00:25;36560816;94630208;36560816;94630208
1636579560;2021-11-11 00:26;48366784;69261456;48366784;69261456
1636579620;2021-11-11 00:27;44980568;62788360;44980568;62788360
1636579680;2021-11-11 00:28;34208664;70596312;34208664;70596312
1636579740;2021-11-11 00:29;32251472;63380064;32251472;63380064
1636579800;2021-11-11 00:30;37192800;81530984;37192800;81530984
1636579860;2021-11-11 00:31;37122024;82657128;37122024;82657128
1636579920;2021-11-11 00:32;46125312;97840808;46125312;97840808
1636579980;2021-11-11 00:33;35652648;79769720;35652648;79769720
1636580040;2021-11-11 00:34;40292440;77270256;40292440;77270256
1636580100;2021-11-11 00:35;40875552;74581456;40875552;74581456
1636580160;2021-11-11 00:36;36080160;67647280;36080160;67647280
1636580220;2021-11-11 00:37;36346040;74527616;36346040;74527616
1636580280;2021-11-11 00:38;34823472;70794856;34823472;70794856
1636580340;2021-11-11 00:39;34079184;67326000;34079184;67326000
1636580400;2021-11-11 00:40;49748120;68480040;49748120;68480040
1636580460;2021-11-11 00:41;36295856;69542992;36295856;69542992
1636580520;2021-11-11 00:42;37190408;54638688;37190408;54638688
1636580580;2021-11-11 00:43;31859536;55920016;31859536;55920016
1636580640;2021-11-11 00:44;30490272;57964504;30490272;57964504
1636580700;2021-11-11 00:45;31278232;50159240;31278232;50159240
1636580760;2021-11-11 00:46;39508952;58813512;39508952;58813512
1636580820;2021-11-11 00:47;32551672;52372800;32551672;52372800
1636580880;2021-11-11 00:48;37879040;54087144;37879040;54087144
1636580940;2021-11-11 00:49;53760104;58355464;53760104;58355464
1636581000;2021-11-11 00:50;52947904;60794408;52947904;60794408
1636581060;2021-11-11 00:51;50783392;72296432;50783392;72296432
1636581120;2021-11-11 00:52;42642280;66313808;42642280;66313808
1636581180;2021-11-11 00:53;35350672;68038760;35350672;68038760
1636581240;2021-11-11 00:54;34396848;59821312;34396848;59821312
1636581300;2021-11-11 00:55;35616952;67319720;35616952;67319720
1636581360;2021-11-11 00:56;38277360;68158528;38277360;68158528
1636581420;2021-11-11 00:57;36884128;59144272;36884128;59144272
1636581480;2021-11-11 00:58;31249704;64622720;31249704;64622720
1636581540;2021-11-11 00:59;25289664;67341824;25289664;67341824
1636581600;2021-11-11 01:00;29389264;56960688;29389264;56960688
1636581660;2021-11-11 01:01;103791936;66518552;103791936;66518552
1636581720;2021-11-11 01:02;101790640;66944744;101790640;66944744
1636581780;2021-11-11 01:03;98025904;66102232;98025904;66102232
1636581840;2021-11-11 01:04;104965576;59832592;104965576;59832592
1636581900;2021-11-11 01:05;102310280;58946568;102310280;58946568
1636581960;2021-11-11 01:06;115460288;82852248;115460288;82852248
1636582020;2021-11-11 01:07;106352128;66244776;106352128;66244776
1636582080;2021-11-11 01:08;105348744;60058712;105348744;60058712
1636582140;2021-11-11 01:09;110298240;65266928;110298240;65266928
1636582200;2021-11-11 01:10;102799296;70080520;102799296;70080520
1636582260;2021-11-11 01:11;109901992;67820088;109901992;67820088
1636582320;2021-11-11 01:12;77596640;64785048;77596640;64785048
1636582380;2021-11-11 01:13;43823128;68562088;43823128;68562088
1636582440;2021-11-11 01:14;44491576;68083440;44491576;68083440
1636582500;2021-11-11 01:15;29335376;67256744;29335376;67256744
1636582560;2021-11-11 01:16;35058104;70113352;35058104;70113352
1636582620;2021-11-11 01:17;35352064;57662664;35352064;57662664
1636582680;2021-11-11 01:18;29108992;56333328;29108992;56333328
1636582740;2021-11-11 01:19;24156832;63706584;24156832;63706584
1636582800;2021-11-11 01:20;28006216;55982704;28006216;55982704
1636582860;2021-11-11 01:21;46085936;58430704;46085936;58430704
1636582920;2021-11-11 01:22;37500408;56837376;37500408;56837376
1636582980;2021-11-11 01:23;28640032;57155456;28640032;57155456
1636583040;2021-11-11 01:24;25267800;61359136;25267800;61359136
1636583100;2021-11-11 01:25;28002592;54902640;28002592;54902640
1636583160;2021-11-11 01:26;31001776;58919424;31001776;58919424
1636583220;2021-11-11 01:27;28717696;57778552;28717696;57778552
1636583280;2021-11-11 01:28;28613104;68230696;28613104;68230696
1636583340;2021-11-11 01:29;48852888;57947944;48852888;57947944
1636583400;2021-11-11 01:30;46417920;52802736;46417920;52802736
1636583460;2021-11-11 01:31;124933000;55747360;124933000;55747360
1636583520;2021-11-11 01:32;38871760;140072144;38871760;140072144
1636583580;2021-11-11 01:33;67976336;201985432;67976336;201985432
1636583640;2021-11-11 01:34;38794992;166968272;38794992;166968272
1636583700;2021-11-11 01:35;30342824;93628384;30342824;93628384
1636583760;2021-11-11 01:36;110480488;155147232;110480488;155147232
1636583820;2021-11-11 01:37;28041784;60000328;28041784;60000328
1636583880;2021-11-11 01:38;28409352;59091304;28409352;59091304
1636583940;2021-11-11 01:39;31578936;59467712;31578936;59467712
1636584000;2021-11-11 01:40;34403224;58317472;34403224;58317472
1636584060;2021-11-11 01:41;38225624;66398616;38225624;66398616
1636584120;2021-11-11 01:42;31789320;61288736;31789320;61288736
1636584180;2021-11-11 01:43;31022224;133472240;31022224;133472240
1636584240;2021-11-11 01:44;33418208;175843760;33418208;175843760
1636584300;2021-11-11 01:45;35304496;160368576;35304496;160368576
1636584360;2021-11-11 01:46;38680120;174652288;38680120;174652288
1636584420;2021-11-11 01:47;35307648;164810792;35307648;164810792
1636584480;2021-11-11 01:48;34518024;173537888;34518024;173537888
1636584540;2021-11-11 01:49;35738832;166195016;35738832;166195016
1636584600;2021-11-11 01:50;27323384;156529920;27323384;156529920
1636584660;2021-11-11 01:51;35251040;174584608;35251040;174584608
1636584720;2021-11-11 01:52;49103360;173265104;49103360;173265104
1636584780;2021-11-11 01:53;44011160;163791456;44011160;163791456
1636584840;2021-11-11 01:54;44413496;162503144;44413496;162503144
1636584900;2021-11-11 01:55;36673104;157025048;36673104;157025048
1636584960;2021-11-11 01:56;42961944;163517224;42961944;163517224
1636585020;2021-11-11 01:57;43144072;140268544;43144072;140268544
1636585080;2021-11-11 01:58;47549192;156364640;47549192;156364640
1636585140;2021-11-11 01:59;43333392;158106096;43333392;158106096
1636585200;2021-11-11 02:00;42974208;155981328;42974208;155981328
1636585260;2021-11-11 02:01;141078400;130039968;141078400;130039968
1636585320;2021-11-11 02:02;103095392;123774208;103095392;123774208
1636585380;2021-11-11 02:03;127956368;118975904;127956368;118975904
1636585440;2021-11-11 02:04;113488952;123073472;113488952;123073472
1636585500;2021-11-11 02:05;104034488;118096360;104034488;118096360
1636585560;2021-11-11 02:06;111278016;130143640;111278016;130143640
1636585620;2021-11-11 02:07;108127448;117574136;108127448;117574136
1636585680;2021-11-11 02:08;109512392;123615856;109512392;123615856
1636585740;2021-11-11 02:09;108278976;130807288;108278976;130807288
1636585800;2021-11-11 02:10;102946448;117266512;102946448;117266512
1636585860;2021-11-11 02:11;109951024;120685024;109951024;120685024
1636585920;2021-11-11 02:12;83833752;131558224;83833752;131558224
1636585980;2021-11-11 02:13;66345192;158684080;66345192;158684080
1636586040;2021-11-11 02:14;43818112;153105080;43818112;153105080
1636586100;2021-11-11 02:15;44942256;167982952;44942256;167982952
1636586160;2021-11-11 02:16;54981496;160425216;54981496;160425216
1636586220;2021-11-11 02:17;47662408;164009624;47662408;164009624
1636586280;2021-11-11 02:18;46069440;169880688;46069440;169880688
1636586340;2021-11-11 02:19;49406584;166095720;49406584;166095720
1636586400;2021-11-11 02:20;47129544;149448880;47129544;149448880
1636586460;2021-11-11 02:21;50902496;165560320;50902496;165560320
1636586520;2021-11-11 02:22;39015128;160284304;39015128;160284304
1636586580;2021-11-11 02:23;35902368;159819080;35902368;159819080
1636586640;2021-11-11 02:24;43679448;152227264;43679448;152227264
1636586700;2021-11-11 02:25;37760360;139071528;37760360;139071528
1636586760;2021-11-11 02:26;40399568;154231072;40399568;154231072
1636586820;2021-11-11 02:27;39349440;151060952;39349440;151060952
1636586880;2021-11-11 02:28;37579584;156156776;37579584;156156776
1636586940;2021-11-11 02:29;29925280;156094632;29925280;156094632
1636587000;2021-11-11 02:30;32077328;139078208;32077328;139078208
1636587060;2021-11-11 02:31;34279288;157657936;34279288;157657936
1636587120;2021-11-11 02:32;41862480;156136760;41862480;156136760
1636587180;2021-11-11 02:33;58196400;195824992;58196400;195824992
1636587240;2021-11-11 02:34;44652688;202060264;44652688;202060264
1636587300;2021-11-11 02:35;39033384;146784432;39033384;146784432
1636587360;2021-11-11 02:36;44341888;167024872;44341888;167024872
1636587420;2021-11-11 02:37;43105920;153618888;43105920;153618888
1636587480;2021-11-11 02:38;68743416;81293312;68743416;81293312
1636587540;2021-11-11 02:39;48974912;50385104;48974912;50385104
1636587600;2021-11-11 02:40;41490640;47885824;41490640;47885824
1636587660;2021-11-11 02:41;49599120;49981584;49599120;49981584
1636587720;2021-11-11 02:42;42976112;47626928;42976112;47626928
1636587780;2021-11-11 02:43;40814856;47674448;40814856;47674448
1636587840;2021-11-11 02:44;49389584;52605352;49389584;52605352
1636587900;2021-11-11 02:45;44418048;47241984;44418048;47241984
1636587960;2021-11-11 02:46;42379768;58812064;42379768;58812064
1636588020;2021-11-11 02:47;35068680;60855992;35068680;60855992
1636588080;2021-11-11 02:48;41807896;65890576;41807896;65890576
1636588140;2021-11-11 02:49;36985608;65340224;36985608;65340224
1636588200;2021-11-11 02:50;34492680;61574008;34492680;61574008
1636588260;2021-11-11 02:51;40634776;78930136;40634776;78930136
1636588320;2021-11-11 02:52;40056320;68900216;40056320;68900216
1636588380;2021-11-11 02:53;46771160;61195200;46771160;61195200
1636588440;2021-11-11 02:54;40265008;61720080;40265008;61720080
1636588500;2021-11-11 02:55;33455168;55223616;33455168;55223616
1636588560;2021-11-11 02:56;36668800;57014032;36668800;57014032
1636588620;2021-11-11 02:57;28891224;56865792;28891224;56865792
1636588680;2021-11-11 02:58;32036936;59207192;32036936;59207192
1636588740;2021-11-11 02:59;28880984;60255208;28880984;60255208
1636588800;2021-11-11 03:00;24609536;52751584;24609536;52751584
1636588860;2021-11-11 03:01;104248456;60696496;104248456;60696496
1636588920;2021-11-11 03:02;106550880;54653024;106550880;54653024
1636588980;2021-11-11 03:03;102742408;52279920;102742408;52279920
1636589040;2021-11-11 03:04;101673448;60378848;101673448;60378848
1636589100;2021-11-11 03:05;90735120;48387256;90735120;48387256
1636589160;2021-11-11 03:06;131930088;52130552;131930088;52130552
1636589220;2021-11-11 03:07;91884640;54114792;91884640;54114792
1636589280;2021-11-11 03:08;117171864;54712376;117171864;54712376
1636589340;2021-11-11 03:09;136099192;46880192;136099192;46880192
1636589400;2021-11-11 03:10;159721912;47116064;159721912;47116064
1636589460;2021-11-11 03:11;140135312;57473560;140135312;57473560
1636589520;2021-11-11 03:12;131545488;63555856;131545488;63555856
1636589580;2021-11-11 03:13;96895504;64369560;96895504;64369560
1636589640;2021-11-11 03:14;100431816;62847568;100431816;62847568
1636589700;2021-11-11 03:15;89891056;55840408;89891056;55840408
1636589760;2021-11-11 03:16;97329696;64054968;97329696;64054968
1636589820;2021-11-11 03:17;89613304;66317688;89613304;66317688
1636589880;2021-11-11 03:18;30117632;67224464;30117632;67224464
1636589940;2021-11-11 03:19;67969632;65751752;67969632;65751752
1636590000;2021-11-11 03:20;85406656;68098160;85406656;68098160
1636590060;2021-11-11 03:21;97367112;70013488;97367112;70013488
1636590120;2021-11-11 03:22;92188528;70179608;92188528;70179608
1636590180;2021-11-11 03:23;53935320;72474432;53935320;72474432
1636590240;2021-11-11 03:24;37072816;74013736;37072816;74013736
1636590300;2021-11-11 03:25;88738320;67384032;88738320;67384032
1636590360;2021-11-11 03:26;92346296;74256696;92346296;74256696
1636590420;2021-11-11 03:27;87619584;69869672;87619584;69869672
1636590480;2021-11-11 03:28;101261976;80919328;101261976;80919328
1636590540;2021-11-11 03:29;41439488;67273728;41439488;67273728
1636590600;2021-11-11 03:30;78531120;65309824;78531120;65309824
1636590660;2021-11-11 03:31;94120576;78656184;94120576;78656184
1636590720;2021-11-11 03:32;88213592;65357480;88213592;65357480
1636590780;2021-11-11 03:33;91321496;68635328;91321496;68635328
1636590840;2021-11-11 03:34;93056304;97591880;93056304;97591880
1636590900;2021-11-11 03:35;38530688;93674440;38530688;93674440
1636590960;2021-11-11 03:36;70053904;69138680;70053904;69138680
1636591020;2021-11-11 03:37;95589720;65221368;95589720;65221368
1636591080;2021-11-11 03:38;87576824;63216696;87576824;63216696
1636591140;2021-11-11 03:39;88454360;60913144;88454360;60913144
1636591200;2021-11-11 03:40;88705984;57213080;88705984;57213080
1636591260;2021-11-11 03:41;101483456;95879480;101483456;95879480
1636591320;2021-11-11 03:42;93392776;51547440;93392776;51547440
1636591380;2021-11-11 03:43;86028584;52847472;86028584;52847472
1636591440;2021-11-11 03:44;86272512;57277928;86272512;57277928
1636591500;2021-11-11 03:45;79314464;55709048;79314464;55709048
1636591560;2021-11-11 03:46;96503976;63939016;96503976;63939016
1636591620;2021-11-11 03:47;90918368;57245184;90918368;57245184
1636591680;2021-11-11 03:48;85248248;54395032;85248248;54395032
1636591740;2021-11-11 03:49;89289256;53362784;89289256;53362784
1636591800;2021-11-11 03:50;84799200;49076760;84799200;49076760
1636591860;2021-11-11 03:51;100898696;57949168;100898696;57949168
1636591920;2021-11-11 03:52;88044664;52101960;88044664;52101960
1636591980;2021-11-11 03:53;86220848;49357600;86220848;49357600
1636592040;2021-11-11 03:54;29264016;48344976;29264016;48344976
1636592100;2021-11-11 03:55;29395064;46148072;29395064;46148072
1636592160;2021-11-11 03:56;93393360;48170528;93393360;48170528
1636592220;2021-11-11 03:57;93002800;49083368;93002800;49083368
1636592280;2021-11-11 03:58;89960920;45311088;89960920;45311088
1636592340;2021-11-11 03:59;91675648;45450216;91675648;45450216
1636592400;2021-11-11 04:00;31804848;46537088;31804848;46537088
1636592460;2021-11-11 04:01;156472056;62869576;156472056;62869576
1636592520;2021-11-11 04:02;153516080;51811488;153516080;51811488
1636592580;2021-11-11 04:03;161689896;49978336;161689896;49978336
1636592640;2021-11-11 04:04;148879272;50862504;148879272;50862504
1636592700;2021-11-11 04:05;152960328;50706160;152960328;50706160
1636592760;2021-11-11 04:06;101823272;52741736;101823272;52741736
1636592820;2021-11-11 04:07;100841200;46408344;100841200;46408344
1636592880;2021-11-11 04:08;110919456;49115672;110919456;49115672
1636592940;2021-11-11 04:09;120657936;45572656;120657936;45572656
1636593000;2021-11-11 04:10;144476528;42103744;144476528;42103744
1636593060;2021-11-11 04:11;168958192;41847824;168958192;41847824
1636593120;2021-11-11 04:12;94055848;42260936;94055848;42260936
1636593180;2021-11-11 04:13;41340496;34442128;41340496;34442128
1636593240;2021-11-11 04:14;104030544;40583752;104030544;40583752
1636593300;2021-11-11 04:15;88782328;36384072;88782328;36384072
1636593360;2021-11-11 04:16;104853960;41140216;104853960;41140216
1636593420;2021-11-11 04:17;100586720;36700392;100586720;36700392
1636593480;2021-11-11 04:18;99834168;36593064;99834168;36593064
1636593540;2021-11-11 04:19;97685280;39750208;97685280;39750208
1636593600;2021-11-11 04:20;85244584;36914640;85244584;36914640
1636593660;2021-11-11 04:21;39729872;37464528;39729872;37464528
1636593720;2021-11-11 04:22;77454552;40481968;77454552;40481968
1636593780;2021-11-11 04:23;90488056;37620576;90488056;37620576
1636593840;2021-11-11 04:24;60769272;42615632;60769272;42615632
1636593900;2021-11-11 04:25;63252016;41290048;63252016;41290048
1636593960;2021-11-11 04:26;52889232;39640696;52889232;39640696
1636594020;2021-11-11 04:27;99160184;37908080;99160184;37908080
1636594080;2021-11-11 04:28;93772432;41133024;93772432;41133024
1636594140;2021-11-11 04:29;47375472;40080168;47375472;40080168
1636594200;2021-11-11 04:30;51879280;45982520;51879280;45982520
1636594260;2021-11-11 04:31;143569568;76023896;143569568;76023896
1636594320;2021-11-11 04:32;133505912;63818384;133505912;63818384
1636594380;2021-11-11 04:33;122733976;38039864;122733976;38039864
1636594440;2021-11-11 04:34;66583896;37268048;66583896;37268048
1636594500;2021-11-11 04:35;56253848;36672272;56253848;36672272
1636594560;2021-11-11 04:36;75810256;41619272;75810256;41619272
1636594620;2021-11-11 04:37;98496176;42103360;98496176;42103360
1636594680;2021-11-11 04:38;137214664;44133280;137214664;44133280
1636594740;2021-11-11 04:39;104196552;42905864;104196552;42905864
1636594800;2021-11-11 04:40;84101656;40373464;84101656;40373464
1636594860;2021-11-11 04:41;35509064;45829880;35509064;45829880
1636594920;2021-11-11 04:42;92860688;48858216;92860688;48858216
1636594980;2021-11-11 04:43;51404680;48248808;51404680;48248808
1636595040;2021-11-11 04:44;31745104;39974896;31745104;39974896
1636595100;2021-11-11 04:45;63785184;41308680;63785184;41308680
1636595160;2021-11-11 04:46;85204936;53332160;85204936;53332160
1636595220;2021-11-11 04:47;124002824;44764080;124002824;44764080
1636595280;2021-11-11 04:48;105655768;43961432;105655768;43961432
1636595340;2021-11-11 04:49;121695544;47705952;121695544;47705952
1636595400;2021-11-11 04:50;111253312;44606208;111253312;44606208
1636595460;2021-11-11 04:51;73471776;45614528;73471776;45614528
1636595520;2021-11-11 04:52;95528760;49704392;95528760;49704392
1636595580;2021-11-11 04:53;76845336;50212360;76845336;50212360
1636595640;2021-11-11 04:54;160273808;44550640;160273808;44550640
1636595700;2021-11-11 04:55;124526744;43678480;124526744;43678480
1636595760;2021-11-11 04:56;146882544;50626000;146882544;50626000
1636595820;2021-11-11 04:57;92672040;51090816;92672040;51090816
1636595880;2021-11-11 04:58;66580760;41044600;66580760;41044600
1636595940;2021-11-11 04:59;72324680;42749104;72324680;42749104
1636596000;2021-11-11 05:00;116358024;41966928;116358024;41966928
1636596060;2021-11-11 05:01;175818672;55120584;175818672;55120584
1636596120;2021-11-11 05:02;175707336;50163248;175707336;50163248
1636596180;2021-11-11 05:03;183032192;51851320;183032192;51851320
1636596240;2021-11-11 05:04;153272448;55863080;153272448;55863080
1636596300;2021-11-11 05:05;160629032;50985776;160629032;50985776
1636596360;2021-11-11 05:06;165935608;51570992;165935608;51570992
1636596420;2021-11-11 05:07;114475736;52204784;114475736;52204784
1636596480;2021-11-11 05:08;154497920;52798008;154497920;52798008
1636596540;2021-11-11 05:09;151554624;55040544;151554624;55040544
1636596600;2021-11-11 05:10;98845792;55828384;98845792;55828384
1636596660;2021-11-11 05:11;156142464;51692584;156142464;51692584
1636596720;2021-11-11 05:12;157909928;50492880;157909928;50492880
1636596780;2021-11-11 05:13;142777120;52192376;142777120;52192376
1636596840;2021-11-11 05:14;41436088;55113080;41436088;55113080
1636596900;2021-11-11 05:15;23809184;52096520;23809184;52096520
1636596960;2021-11-11 05:16;34131928;61619296;34131928;61619296
1636597020;2021-11-11 05:17;23486312;45647656;23486312;45647656
1636597080;2021-11-11 05:18;39158992;48707816;39158992;48707816
1636597140;2021-11-11 05:19;86376872;50021712;86376872;50021712
1636597200;2021-11-11 05:20;72040744;53231840;72040744;53231840
1636597260;2021-11-11 05:21;93958688;62861400;93958688;62861400
1636597320;2021-11-11 05:22;101104576;49062992;101104576;49062992
1636597380;2021-11-11 05:23;96550072;50837800;96550072;50837800
1636597440;2021-11-11 05:24;88797832;47507432;88797832;47507432
1636597500;2021-11-11 05:25;81795560;45207936;81795560;45207936
1636597560;2021-11-11 05:26;102388496;49640128;102388496;49640128
1636597620;2021-11-11 05:27;102856312;55119816;102856312;55119816
1636597680;2021-11-11 05:28;97457992;50410136;97457992;50410136
1636597740;2021-11-11 05:29;97365272;51055104;97365272;51055104
1636597800;2021-11-11 05:30;95091376;44222200;95091376;44222200
1636597860;2021-11-11 05:31;98914848;45956032;98914848;45956032
1636597920;2021-11-11 05:32;92590992;43685152;92590992;43685152
1636597980;2021-11-11 05:33;93423864;49979704;93423864;49979704
1636598040;2021-11-11 05:34;91220504;50379040;91220504;50379040
1636598100;2021-11-11 05:35;89137496;40964752;89137496;40964752
1636598160;2021-11-11 05:36;106985624;50816792;106985624;50816792
1636598220;2021-11-11 05:37;97239384;45368640;97239384;45368640
1636598280;2021-11-11 05:38;95065304;48844560;95065304;48844560
1636598340;2021-11-11 05:39;92158208;54955592;92158208;54955592
1636598400;2021-11-11 05:40;93860888;49534640;93860888;49534640
1636598460;2021-11-11 05:41;94814664;50425544;94814664;50425544
1636598520;2021-11-11 05:42;94127800;46984048;94127800;46984048
1636598580;2021-11-11 05:43;99989272;44852048;99989272;44852048
1636598640;2021-11-11 05:44;94476016;48079200;94476016;48079200
1636598700;2021-11-11 05:45;90789592;46897784;90789592;46897784
1636598760;2021-11-11 05:46;55758920;47753616;55758920;47753616
1636598820;2021-11-11 05:47;35780976;48876472;35780976;48876472
1636598880;2021-11-11 05:48;29772720;51578984;29772720;51578984
1636598940;2021-11-11 05:49;26347960;49840288;26347960;49840288
1636599000;2021-11-11 05:50;25175528;52351816;25175528;52351816
1636599060;2021-11-11 05:51;32993384;57520688;32993384;57520688
1636599120;2021-11-11 05:52;29300360;55451272;29300360;55451272
1636599180;2021-11-11 05:53;29148824;46939640;29148824;46939640
1636599240;2021-11-11 05:54;28528032;49881328;28528032;49881328
1636599300;2021-11-11 05:55;24514848;44038184;24514848;44038184
1636599360;2021-11-11 05:56;33411400;60020872;33411400;60020872
1636599420;2021-11-11 05:57;29017512;50519360;29017512;50519360
1636599480;2021-11-11 05:58;27098216;50698616;27098216;50698616
1636599540;2021-11-11 05:59;17957488;51155792;17957488;51155792
1636599600;2021-11-11 06:00;19252016;43379600;19252016;43379600
1636599660;2021-11-11 06:01;85118360;58153544;85118360;58153544
1636599720;2021-11-11 06:02;94187304;46297952;94187304;46297952
1636599780;2021-11-11 06:03;97385600;48618480;97385600;48618480
1636599840;2021-11-11 06:04;100747144;53172896;100747144;53172896
1636599900;2021-11-11 06:05;83197464;46532280;83197464;46532280
1636599960;2021-11-11 06:06;96352424;62287808;96352424;62287808
1636600020;2021-11-11 06:07;89470744;59099432;89470744;59099432
1636600080;2021-11-11 06:08;105253744;51957192;105253744;51957192
1636600140;2021-11-11 06:09;94890912;50300576;94890912;50300576
1636600200;2021-11-11 06:10;88111048;49844168;88111048;49844168
1636600260;2021-11-11 06:11;105436608;50447704;105436608;50447704
1636600320;2021-11-11 06:12;90736464;50346568;90736464;50346568
1636600380;2021-11-11 06:13;81590968;46927224;81590968;46927224
1636600440;2021-11-11 06:14;37279968;44579656;37279968;44579656
1636600500;2021-11-11 06:15;27883432;42150024;27883432;42150024
1636600560;2021-11-11 06:16;41676744;47527776;41676744;47527776
1636600620;2021-11-11 06:17;27615432;44178608;27615432;44178608
1636600680;2021-11-11 06:18;31382600;51617736;31382600;51617736
1636600740;2021-11-11 06:19;26891080;49905880;26891080;49905880
1636600800;2021-11-11 06:20;42165176;46674152;42165176;46674152
1636600860;2021-11-11 06:21;31133576;76263360;31133576;76263360
1636600920;2021-11-11 06:22;30783576;85093912;30783576;85093912
1636600980;2021-11-11 06:23;28714528;92530896;28714528;92530896
1636601040;2021-11-11 06:24;33387080;89477072;33387080;89477072
1636601100;2021-11-11 06:25;24539072;75147376;24539072;75147376
1636601160;2021-11-11 06:26;36045880;90642744;36045880;90642744
1636601220;2021-11-11 06:27;30439632;91413368;30439632;91413368
1636601280;2021-11-11 06:28;33353424;98836184;33353424;98836184
1636601340;2021-11-11 06:29;34119688;117430504;34119688;117430504
1636601400;2021-11-11 06:30;26800048;88329224;26800048;88329224
1636601460;2021-11-11 06:31;162030112;110850928;162030112;110850928
1636601520;2021-11-11 06:32;140865512;103066768;140865512;103066768
1636601580;2021-11-11 06:33;143455464;100804288;143455464;100804288
1636601640;2021-11-11 06:34;107447160;93557632;107447160;93557632
1636601700;2021-11-11 06:35;24852176;65012232;24852176;65012232
1636601760;2021-11-11 06:36;33790272;96465472;33790272;96465472
1636601820;2021-11-11 06:37;29592280;93963432;29592280;93963432
1636601880;2021-11-11 06:38;30762344;97881704;30762344;97881704
1636601940;2021-11-11 06:39;29604496;89596768;29604496;89596768
1636602000;2021-11-11 06:40;25036624;83166032;25036624;83166032
1636602060;2021-11-11 06:41;32183816;92534048;32183816;92534048
1636602120;2021-11-11 06:42;28953544;85116376;28953544;85116376
1636602180;2021-11-11 06:43;28597432;72261168;28597432;72261168
1636602240;2021-11-11 06:44;28064880;82633632;28064880;82633632
1636602300;2021-11-11 06:45;28545184;71936040;28545184;71936040
1636602360;2021-11-11 06:46;27126248;80383416;27126248;80383416
1636602420;2021-11-11 06:47;23418144;89131736;23418144;89131736
1636602480;2021-11-11 06:48;21733080;90459520;21733080;90459520
1636602540;2021-11-11 06:49;21484080;86132008;21484080;86132008
1636602600;2021-11-11 06:50;20462312;76376664;20462312;76376664
1636602660;2021-11-11 06:51;23552856;90771800;23552856;90771800
1636602720;2021-11-11 06:52;20452720;91159272;20452720;91159272
1636602780;2021-11-11 06:53;21447456;92512376;21447456;92512376
1636602840;2021-11-11 06:54;24075312;91335104;24075312;91335104
1636602900;2021-11-11 06:55;18787328;87719488;18787328;87719488
1636602960;2021-11-11 06:56;20985008;90580120;20985008;90580120
1636603020;2021-11-11 06:57;21212920;89623200;21212920;89623200
1636603080;2021-11-11 06:58;23523368;89204200;23523368;89204200
1636603140;2021-11-11 06:59;23565952;86866848;23565952;86866848
1636603200;2021-11-11 07:00;20685112;82762496;20685112;82762496
1636603260;2021-11-11 07:01;87553824;84473656;87553824;84473656
1636603320;2021-11-11 07:02;85822912;78355816;85822912;78355816
1636603380;2021-11-11 07:03;94716240;91986176;94716240;91986176
1636603440;2021-11-11 07:04;85610856;87665112;85610856;87665112
1636603500;2021-11-11 07:05;75776192;83281352;75776192;83281352
1636603560;2021-11-11 07:06;88251992;85496944;88251992;85496944
1636603620;2021-11-11 07:07;75812256;82934048;75812256;82934048
1636603680;2021-11-11 07:08;85212192;98618272;85212192;98618272
1636603740;2021-11-11 07:09;79341672;102869688;79341672;102869688
1636603800;2021-11-11 07:10;77467192;90990912;77467192;90990912
1636603860;2021-11-11 07:11;79188840;89293792;79188840;89293792
1636603920;2021-11-11 07:12;88588592;86318416;88588592;86318416
1636603980;2021-11-11 07:13;76752584;123429240;76752584;123429240
1636604040;2021-11-11 07:14;26315632;94970800;26315632;94970800
1636604100;2021-11-11 07:15;25727480;95713376;25727480;95713376
1636604160;2021-11-11 07:16;26022824;114610680;26022824;114610680
1636604220;2021-11-11 07:17;17454208;93252944;17454208;93252944
1636604280;2021-11-11 07:18;20652456;84524880;20652456;84524880
1636604340;2021-11-11 07:19;18815064;88060984;18815064;88060984
1636604400;2021-11-11 07:20;17731992;95730200;17731992;95730200
1636604460;2021-11-11 07:21;29216512;105237168;29216512;105237168
1636604520;2021-11-11 07:22;23429776;101319248;23429776;101319248
1636604580;2021-11-11 07:23;20482104;106486104;20482104;106486104
1636604640;2021-11-11 07:24;18821720;104365464;18821720;104365464
1636604700;2021-11-11 07:25;16201392;97010000;16201392;97010000
1636604760;2021-11-11 07:26;21930624;122421008;21930624;122421008
1636604820;2021-11-11 07:27;27575672;110237640;27575672;110237640
1636604880;2021-11-11 07:28;35919144;117010296;35919144;117010296
1636604940;2021-11-11 07:29;28186344;84948568;28186344;84948568
1636605000;2021-11-11 07:30;23617128;79827896;23617128;79827896
1636605060;2021-11-11 07:31;34304896;92819624;34304896;92819624
1636605120;2021-11-11 07:32;26180928;87535064;26180928;87535064
1636605180;2021-11-11 07:33;23517328;92597080;23517328;92597080
1636605240;2021-11-11 07:34;36030416;90850816;36030416;90850816
1636605300;2021-11-11 07:35;24259232;84395040;24259232;84395040
1636605360;2021-11-11 07:36;28543832;101506296;28543832;101506296
1636605420;2021-11-11 07:37;34130984;94321400;34130984;94321400
1636605480;2021-11-11 07:38;30091728;87817664;30091728;87817664
1636605540;2021-11-11 07:39;39517096;90438784;39517096;90438784
1636605600;2021-11-11 07:40;34077624;81366488;34077624;81366488
1636605660;2021-11-11 07:41;39745464;97739736;39745464;97739736
1636605720;2021-11-11 07:42;53657872;93888072;53657872;93888072
1636605780;2021-11-11 07:43;45232096;88459040;45232096;88459040
1636605840;2021-11-11 07:44;43699280;92965944;43699280;92965944
1636605900;2021-11-11 07:45;33260776;82679648;33260776;82679648
1636605960;2021-11-11 07:46;40543992;102686024;40543992;102686024
1636606020;2021-11-11 07:47;42783656;92270104;42783656;92270104
1636606080;2021-11-11 07:48;50925904;137536944;50925904;137536944
1636606140;2021-11-11 07:49;42744808;79710248;42744808;79710248
1636606200;2021-11-11 07:50;53512496;87510456;53512496;87510456
1636606260;2021-11-11 07:51;42916224;92282736;42916224;92282736
1636606320;2021-11-11 07:52;42308656;84578656;42308656;84578656
1636606380;2021-11-11 07:53;43527368;88072376;43527368;88072376
1636606440;2021-11-11 07:54;44195504;85218480;44195504;85218480
1636606500;2021-11-11 07:55;59555112;82287288;59555112;82287288
1636606560;2021-11-11 07:56;56409440;95834272;56409440;95834272
1636606620;2021-11-11 07:57;61771744;87328400;61771744;87328400
1636606680;2021-11-11 07:58;52632856;91745944;52632856;91745944
1636606740;2021-11-11 07:59;55084832;91806576;55084832;91806576
1636606800;2021-11-11 08:00;48835328;92800560;48835328;92800560
1636606860;2021-11-11 08:01;121470024;108144408;121470024;108144408
1636606920;2021-11-11 08:02;123022256;92366696;123022256;92366696
1636606980;2021-11-11 08:03;118008368;98283080;118008368;98283080
1636607040;2021-11-11 08:04;119516640;89751696;119516640;89751696
1636607100;2021-11-11 08:05;118827704;89324872;118827704;89324872
1636607160;2021-11-11 08:06;112928264;99596912;112928264;99596912
1636607220;2021-11-11 08:07;154782744;99218648;154782744;99218648
1636607280;2021-11-11 08:08;112261112;91568488;112261112;91568488
1636607340;2021-11-11 08:09;109753584;99926440;109753584;99926440
1636607400;2021-11-11 08:10;106811760;100722616;106811760;100722616
1636607460;2021-11-11 08:11;99398968;91040944;99398968;91040944
1636607520;2021-11-11 08:12;110439640;100051168;110439640;100051168
1636607580;2021-11-11 08:13;98161160;104479776;98161160;104479776
1636607640;2021-11-11 08:14;41686704;90991384;41686704;90991384
1636607700;2021-11-11 08:15;29594712;86195120;29594712;86195120
1636607760;2021-11-11 08:16;35382288;103427296;35382288;103427296
1636607820;2021-11-11 08:17;39053648;92796008;39053648;92796008
1636607880;2021-11-11 08:18;37865440;89560432;37865440;89560432
1636607940;2021-11-11 08:19;46808920;91408048;46808920;91408048
1636608000;2021-11-11 08:20;59180672;86097704;59180672;86097704
1636608060;2021-11-11 08:21;50381992;92660328;50381992;92660328
1636608120;2021-11-11 08:22;41440072;90821440;41440072;90821440
1636608180;2021-11-11 08:23;74684400;93155552;74684400;93155552
1636608240;2021-11-11 08:24;43928024;100356240;43928024;100356240
1636608300;2021-11-11 08:25;54979136;93085608;54979136;93085608
1636608360;2021-11-11 08:26;64125000;110812112;64125000;110812112
1636608420;2021-11-11 08:27;63251328;90116632;63251328;90116632
1636608480;2021-11-11 08:28;84106736;92479424;84106736;92479424
1636608540;2021-11-11 08:29;84274640;91591912;84274640;91591912
1636608600;2021-11-11 08:30;89920320;88551192;89920320;88551192
1636608660;2021-11-11 08:31;91205160;107252840;91205160;107252840
1636608720;2021-11-11 08:32;97431496;94702664;97431496;94702664
1636608780;2021-11-11 08:33;69880568;94443328;69880568;94443328
1636608840;2021-11-11 08:34;102905040;96659248;102905040;96659248
1636608900;2021-11-11 08:35;62490144;86862400;62490144;86862400
1636608960;2021-11-11 08:36;101155096;105368424;101155096;105368424
1636609020;2021-11-11 08:37;75432688;88913856;75432688;88913856
1636609080;2021-11-11 08:38;89043912;94974384;89043912;94974384
1636609140;2021-11-11 08:39;85166128;100325968;85166128;100325968
1636609200;2021-11-11 08:40;76194520;93294152;76194520;93294152
1636609260;2021-11-11 08:41;91267656;110104968;91267656;110104968
1636609320;2021-11-11 08:42;87857024;104645480;87857024;104645480
1636609380;2021-11-11 08:43;77058504;95664648;77058504;95664648
1636609440;2021-11-11 08:44;84226376;95381784;84226376;95381784
1636609500;2021-11-11 08:45;71020320;104510784;71020320;104510784
1636609560;2021-11-11 08:46;109488576;107420560;109488576;107420560
1636609620;2021-11-11 08:47;87180704;104986616;87180704;104986616
1636609680;2021-11-11 08:48;110602072;105910608;110602072;105910608
1636609740;2021-11-11 08:49;102976448;95631152;102976448;95631152
1636609800;2021-11-11 08:50;113886488;93369944;113886488;93369944
1636609860;2021-11-11 08:51;87934136;107400400;87934136;107400400
1636609920;2021-11-11 08:52;152512216;114725792;152512216;114725792
1636609980;2021-11-11 08:53;124390784;109867632;124390784;109867632
1636610040;2021-11-11 08:54;111983832;104230120;111983832;104230120
1636610100;2021-11-11 08:55;101027144;104976832;101027144;104976832
1636610160;2021-11-11 08:56;127264496;114532632;127264496;114532632
1636610220;2021-11-11 08:57;138848632;126184456;138848632;126184456
1636610280;2021-11-11 08:58;132597704;112992368;132597704;112992368
1636610340;2021-11-11 08:59;128497128;127419936;128497128;127419936
1636610400;2021-11-11 09:00;136060384;117398240;136060384;117398240
1636610460;2021-11-11 09:01;227924848;127161224;227924848;127161224
1636610520;2021-11-11 09:02;257440840;132953576;257440840;132953576
1636610580;2021-11-11 09:03;221582544;124181848;221582544;124181848
1636610640;2021-11-11 09:04;256917128;128717080;256917128;128717080
1636610700;2021-11-11 09:05;247914984;115312304;247914984;115312304
1636610760;2021-11-11 09:06;240618832;141046112;240618832;141046112
1636610820;2021-11-11 09:07;218654832;125480728;218654832;125480728
1636610880;2021-11-11 09:08;277647200;121678688;277647200;121678688
1636610940;2021-11-11 09:09;309443032;112798520;309443032;112798520
1636611000;2021-11-11 09:10;236458744;114253328;236458744;114253328
1636611060;2021-11-11 09:11;228466560;120447936;228466560;120447936
1636611120;2021-11-11 09:12;280831816;129649128;280831816;129649128
1636611180;2021-11-11 09:13;138794072;114733448;138794072;114733448
1636611240;2021-11-11 09:14;184731168;119294280;184731168;119294280
1636611300;2021-11-11 09:15;217114960;115670360;217114960;115670360
1636611360;2021-11-11 09:16;219169888;129136344;219169888;129136344
1636611420;2021-11-11 09:17;236635432;128110896;236635432;128110896
1636611480;2021-11-11 09:18;209895496;121506840;209895496;121506840
1636611540;2021-11-11 09:19;281859224;117519672;281859224;117519672
1636611600;2021-11-11 09:20;293639688;120519840;293639688;120519840
1636611660;2021-11-11 09:21;357434544;140778464;357434544;140778464
1636611720;2021-11-11 09:22;288578912;134032520;288578912;134032520
1636611780;2021-11-11 09:23;258497400;138669744;258497400;138669744
1636611840;2021-11-11 09:24;238192216;133616640;238192216;133616640
1636611900;2021-11-11 09:25;204231416;127037032;204231416;127037032
1636611960;2021-11-11 09:26;309684208;152664888;309684208;152664888
1636612020;2021-11-11 09:27;265145864;126488592;265145864;126488592
1636612080;2021-11-11 09:28;175898008;126995944;175898008;126995944
1636612140;2021-11-11 09:29;159946624;128886048;159946624;128886048
1636612200;2021-11-11 09:30;194449760;120318552;194449760;120318552
1636612260;2021-11-11 09:31;226458968;147970552;226458968;147970552
1636612320;2021-11-11 09:32;169136576;142911576;169136576;142911576
1636612380;2021-11-11 09:33;224187696;146235136;224187696;146235136
1636612440;2021-11-11 09:34;164507200;134362760;164507200;134362760
1636612500;2021-11-11 09:35;151206448;131663576;151206448;131663576
1636612560;2021-11-11 09:36;187197912;149481328;187197912;149481328
1636612620;2021-11-11 09:37;187698728;130638856;187698728;130638856
1636612680;2021-11-11 09:38;287806792;127853040;287806792;127853040
1636612740;2021-11-11 09:39;246670000;140487640;246670000;140487640
1636612800;2021-11-11 09:40;211234440;122621624;211234440;122621624
1636612860;2021-11-11 09:41;231096520;131608792;231096520;131608792
1636612920;2021-11-11 09:42;199906960;136121064;199906960;136121064
1636612980;2021-11-11 09:43;270679200;150467968;270679200;150467968
1636613040;2021-11-11 09:44;264326848;141234352;264326848;141234352
1636613100;2021-11-11 09:45;261822272;141691200;261822272;141691200
1636613160;2021-11-11 09:46;310982240;147747264;310982240;147747264
1636613220;2021-11-11 09:47;265589128;124008448;265589128;124008448
1636613280;2021-11-11 09:48;207491304;126526600;207491304;126526600
1636613340;2021-11-11 09:49;208892208;138240592;208892208;138240592
1636613400;2021-11-11 09:50;218670160;151414672;218670160;151414672
1636613460;2021-11-11 09:51;203277800;153671800;203277800;153671800
1636613520;2021-11-11 09:52;176211136;136188968;176211136;136188968
1636613580;2021-11-11 09:53;187497744;142806808;187497744;142806808
1636613640;2021-11-11 09:54;246706904;155503944;246706904;155503944
1636613700;2021-11-11 09:55;250935488;142444560;250935488;142444560
1636613760;2021-11-11 09:56;301562424;144865448;301562424;144865448
1636613820;2021-11-11 09:57;241028520;141577112;241028520;141577112
1636613880;2021-11-11 09:58;214417112;128718872;214417112;128718872
1636613940;2021-11-11 09:59;254824064;139404296;254824064;139404296
1636614000;2021-11-11 10:00;220963504;134020016;220963504;134020016
1636614060;2021-11-11 10:01;313800272;150036080;313800272;150036080
1636614120;2021-11-11 10:02;306807576;164675816;306807576;164675816
1636614180;2021-11-11 10:03;268592360;156041784;268592360;156041784
1636614240;2021-11-11 10:04;338392176;152279832;338392176;152279832
1636614300;2021-11-11 10:05;275882880;149257840;275882880;149257840
1636614360;2021-11-11 10:06;311869048;153076384;311869048;153076384
1636614420;2021-11-11 10:07;310117736;151074448;310117736;151074448
1636614480;2021-11-11 10:08;277247616;150952176;277247616;150952176
1636614540;2021-11-11 10:09;334119264;145530152;334119264;145530152
1636614600;2021-11-11 10:10;296700384;139412280;296700384;139412280
1636614660;2021-11-11 10:11;364163464;146503072;364163464;146503072
1636614720;2021-11-11 10:12;283453024;132230512;283453024;132230512
1636614780;2021-11-11 10:13;253544440;131011144;253544440;131011144
1636614840;2021-11-11 10:14;205093544;124801488;205093544;124801488
1636614900;2021-11-11 10:15;219227696;127499704;219227696;127499704
1636614960;2021-11-11 10:16;259975616;125951400;259975616;125951400
1636615020;2021-11-11 10:17;232165536;123065496;232165536;123065496
1636615080;2021-11-11 10:18;306149992;146506696;306149992;146506696
1636615140;2021-11-11 10:19;254575744;135977528;254575744;135977528
1636615200;2021-11-11 10:20;241928608;140704488;241928608;140704488
1636615260;2021-11-11 10:21;290526616;179940008;290526616;179940008
1636615320;2021-11-11 10:22;271299568;167412792;271299568;167412792
1636615380;2021-11-11 10:23;315694656;165265472;315694656;165265472
1636615440;2021-11-11 10:24;277121416;159268592;277121416;159268592
1636615500;2021-11-11 10:25;246500048;148295648;246500048;148295648
1636615560;2021-11-11 10:26;258543056;187891256;258543056;187891256
1636615620;2021-11-11 10:27;369379912;137134800;369379912;137134800
1636615680;2021-11-11 10:28;289596912;131723608;289596912;131723608
1636615740;2021-11-11 10:29;238378528;136055512;238378528;136055512
1636615800;2021-11-11 10:30;242297680;121130280;242297680;121130280
1636615860;2021-11-11 10:31;256157320;150767376;256157320;150767376
1636615920;2021-11-11 10:32;273840552;141145000;273840552;141145000
1636615980;2021-11-11 10:33;223343912;137589408;223343912;137589408
1636616040;2021-11-11 10:34;209677672;148239000;209677672;148239000
1636616100;2021-11-11 10:35;174729360;136871760;174729360;136871760
1636616160;2021-11-11 10:36;207847224;163251928;207847224;163251928
1636616220;2021-11-11 10:37;222006440;143799000;222006440;143799000
1636616280;2021-11-11 10:38;217817880;127277360;217817880;127277360
1636616340;2021-11-11 10:39;270399184;148695264;270399184;148695264
1636616400;2021-11-11 10:40;313312840;146682408;313312840;146682408
1636616460;2021-11-11 10:41;306854472;140196424;306854472;140196424
1636616520;2021-11-11 10:42;291208496;138091360;291208496;138091360
1636616580;2021-11-11 10:43;220924656;129719160;220924656;129719160
1636616640;2021-11-11 10:44;313086520;148442984;313086520;148442984
1636616700;2021-11-11 10:45;259844584;144298584;259844584;144298584
1636616760;2021-11-11 10:46;257888368;168846568;257888368;168846568
1636616820;2021-11-11 10:47;256743072;138932400;256743072;138932400
1636616880;2021-11-11 10:48;257363296;147502528;257363296;147502528
1636616940;2021-11-11 10:49;239810096;138526672;239810096;138526672
1636617000;2021-11-11 10:50;280271960;142509408;280271960;142509408
1636617060;2021-11-11 10:51;318753240;153484496;318753240;153484496
1636617120;2021-11-11 10:52;245204032;139037872;245204032;139037872
1636617180;2021-11-11 10:53;309491408;138969920;309491408;138969920
1636617240;2021-11-11 10:54;297497848;149440016;297497848;149440016
1636617300;2021-11-11 10:55;281452672;140500856;281452672;140500856
1636617360;2021-11-11 10:56;322280648;160007416;322280648;160007416
1636617420;2021-11-11 10:57;260288896;139665896;260288896;139665896
1636617480;2021-11-11 10:58;304143560;138392768;304143560;138392768
1636617540;2021-11-11 10:59;341020000;143293520;341020000;143293520
1636617600;2021-11-11 11:00;355308320;131833856;355308320;131833856
1636617660;2021-11-11 11:01;510142344;166711600;510142344;166711600
1636617720;2021-11-11 11:02;468997688;162364344;468997688;162364344
1636617780;2021-11-11 11:03;458430296;159349976;458430296;159349976
1636617840;2021-11-11 11:04;362354592;145472432;362354592;145472432
1636617900;2021-11-11 11:05;325179368;151475152;325179368;151475152
1636617960;2021-11-11 11:06;342798832;141262488;342798832;141262488
1636618020;2021-11-11 11:07;342144072;156636176;342144072;156636176
1636618080;2021-11-11 11:08;374166968;173725128;374166968;173725128
1636618140;2021-11-11 11:09;329823544;144994040;329823544;144994040
1636618200;2021-11-11 11:10;349317088;153696216;349317088;153696216
1636618260;2021-11-11 11:11;431890944;169481440;431890944;169481440
1636618320;2021-11-11 11:12;376538272;169210848;376538272;169210848
1636618380;2021-11-11 11:13;204946056;183328224;204946056;183328224
1636618440;2021-11-11 11:14;249171816;153943840;249171816;153943840
1636618500;2021-11-11 11:15;240164872;158830888;240164872;158830888
1636618560;2021-11-11 11:16;278988056;163586136;278988056;163586136
1636618620;2021-11-11 11:17;258176112;156424904;258176112;156424904
1636618680;2021-11-11 11:18;289426832;161715096;289426832;161715096
1636618740;2021-11-11 11:19;232220376;154993208;232220376;154993208
1636618800;2021-11-11 11:20;229035856;136708896;229035856;136708896
1636618860;2021-11-11 11:21;266503112;163583240;266503112;163583240
1636618920;2021-11-11 11:22;262842520;146031184;262842520;146031184
1636618980;2021-11-11 11:23;301629368;167944320;301629368;167944320
1636619040;2021-11-11 11:24;263180784;145645728;263180784;145645728
1636619100;2021-11-11 11:25;278064120;132233104;278064120;132233104
1636619160;2021-11-11 11:26;270298736;143231216;270298736;143231216
1636619220;2021-11-11 11:27;262273192;136856952;262273192;136856952
1636619280;2021-11-11 11:28;327516824;133919352;327516824;133919352
1636619340;2021-11-11 11:29;277083536;116890712;277083536;116890712
1636619400;2021-11-11 11:30;250936448;101575592;250936448;101575592
1636619460;2021-11-11 11:31;248044528;129475096;248044528;129475096
1636619520;2021-11-11 11:32;255109472;124157976;255109472;124157976
1636619580;2021-11-11 11:33;217470040;156347952;217470040;156347952
1636619640;2021-11-11 11:34;203882368;147755168;203882368;147755168
1636619700;2021-11-11 11:35;194485368;149567976;194485368;149567976
1636619760;2021-11-11 11:36;229989552;165870096;229989552;165870096
1636619820;2021-11-11 11:37;265521688;135873928;265521688;135873928
1636619880;2021-11-11 11:38;245794008;140587896;245794008;140587896
1636619940;2021-11-11 11:39;305968224;135381880;305968224;135381880
1636620000;2021-11-11 11:40;213864560;123709736;213864560;123709736
1636620060;2021-11-11 11:41;201803768;138161664;201803768;138161664
1636620120;2021-11-11 11:42;207015792;126979048;207015792;126979048
1636620180;2021-11-11 11:43;254819136;126946736;254819136;126946736
1636620240;2021-11-11 11:44;251619904;135854168;251619904;135854168
1636620300;2021-11-11 11:45;221817888;126560336;221817888;126560336
1636620360;2021-11-11 11:46;226963696;129478048;226963696;129478048
1636620420;2021-11-11 11:47;191791248;119415432;191791248;119415432
1636620480;2021-11-11 11:48;216800176;125498920;216800176;125498920
1636620540;2021-11-11 11:49;229986664;133787912;229986664;133787912
1636620600;2021-11-11 11:50;228208688;128582368;228208688;128582368
1636620660;2021-11-11 11:51;247154512;138676616;247154512;138676616
1636620720;2021-11-11 11:52;274287448;138716112;274287448;138716112
1636620780;2021-11-11 11:53;279481136;161821696;279481136;161821696
1636620840;2021-11-11 11:54;256547640;160195360;256547640;160195360
1636620900;2021-11-11 11:55;252874680;129980584;252874680;129980584
1636620960;2021-11-11 11:56;250816704;135977504;250816704;135977504
1636621020;2021-11-11 11:57;231937232;136078568;231937232;136078568
1636621080;2021-11-11 11:58;251125448;133816912;251125448;133816912
1636621140;2021-11-11 11:59;214627984;137864792;214627984;137864792
1636621200;2021-11-11 12:00;198958288;140123608;198958288;140123608
1636621260;2021-11-11 12:01;297745960;146483344;297745960;146483344
1636621320;2021-11-11 12:02;272096664;156007816;272096664;156007816
1636621380;2021-11-11 12:03;293603200;175505032;293603200;175505032
1636621440;2021-11-11 12:04;279203192;150657680;279203192;150657680
1636621500;2021-11-11 12:05;274582528;130918568;274582528;130918568
1636621560;2021-11-11 12:06;327533312;156397936;327533312;156397936
1636621620;2021-11-11 12:07;299449856;144441032;299449856;144441032
1636621680;2021-11-11 12:08;293244368;133777376;293244368;133777376
1636621740;2021-11-11 12:09;308004152;132305888;308004152;132305888
1636621800;2021-11-11 12:10;318806184;143205616;318806184;143205616
1636621860;2021-11-11 12:11;359869824;149954184;359869824;149954184
1636621920;2021-11-11 12:12;288283248;123525888;288283248;123525888
1636621980;2021-11-11 12:13;272742584;144826504;272742584;144826504
1636622040;2021-11-11 12:14;286497568;146676984;286497568;146676984
1636622100;2021-11-11 12:15;232603216;136620200;232603216;136620200
1636622160;2021-11-11 12:16;295753264;157608160;295753264;157608160
1636622220;2021-11-11 12:17;217877560;141216832;217877560;141216832
1636622280;2021-11-11 12:18;275910984;144272864;275910984;144272864
1636622340;2021-11-11 12:19;234041400;128150336;234041400;128150336
1636622400;2021-11-11 12:20;202294416;145323232;202294416;145323232
1636622460;2021-11-11 12:21;242614512;130338792;242614512;130338792
1636622520;2021-11-11 12:22;203826512;116009840;203826512;116009840
1636622580;2021-11-11 12:23;190567480;110466184;190567480;110466184
1636622640;2021-11-11 12:24;225262608;104362496;225262608;104362496
1636622700;2021-11-11 12:25;177969040;98658152;177969040;98658152
1636622760;2021-11-11 12:26;232706248;119995784;232706248;119995784
1636622820;2021-11-11 12:27;203728952;112641208;203728952;112641208
1636622880;2021-11-11 12:28;196554672;111709584;196554672;111709584
1636622940;2021-11-11 12:29;214681864;115706528;214681864;115706528
1636623000;2021-11-11 12:30;204357936;118364288;204357936;118364288
1636623060;2021-11-11 12:31;201219112;136146640;201219112;136146640
1636623120;2021-11-11 12:32;199712224;117484464;199712224;117484464
1636623180;2021-11-11 12:33;206589728;111126448;206589728;111126448
1636623240;2021-11-11 12:34;223463848;127303832;223463848;127303832
1636623300;2021-11-11 12:35;235004488;142013880;235004488;142013880
1636623360;2021-11-11 12:36;230527288;147947128;230527288;147947128
1636623420;2021-11-11 12:37;201823560;113736912;201823560;113736912
1636623480;2021-11-11 12:38;231714976;112141056;231714976;112141056
1636623540;2021-11-11 12:39;225676216;114273336;225676216;114273336
1636623600;2021-11-11 12:40;211542224;113572624;211542224;113572624
1636623660;2021-11-11 12:41;224129664;127641824;224129664;127641824
1636623720;2021-11-11 12:42;219431464;118896456;219431464;118896456
1636623780;2021-11-11 12:43;218602560;117365200;218602560;117365200
1636623840;2021-11-11 12:44;226418688;132648800;226418688;132648800
1636623900;2021-11-11 12:45;198821400;96501592;198821400;96501592
1636623960;2021-11-11 12:46;246248000;98913408;246248000;98913408
1636624020;2021-11-11 12:47;244125296;96013080;244125296;96013080
1636624080;2021-11-11 12:48;229414376;105325144;229414376;105325144
1636624140;2021-11-11 12:49;205815448;105847824;205815448;105847824
1636624200;2021-11-11 12:50;227004528;105536952;227004528;105536952
1636624260;2021-11-11 12:51;260340312;123697592;260340312;123697592
1636624320;2021-11-11 12:52;219485376;118055776;219485376;118055776
1636624380;2021-11-11 12:53;227736272;95119960;227736272;95119960
1636624440;2021-11-11 12:54;218056104;96025040;218056104;96025040
1636624500;2021-11-11 12:55;230890656;91559232;230890656;91559232
1636624560;2021-11-11 12:56;229214568;98074216;229214568;98074216
1636624620;2021-11-11 12:57;224882152;95820688;224882152;95820688
1636624680;2021-11-11 12:58;213569472;94763888;213569472;94763888
1636624740;2021-11-11 12:59;182074264;105898248;182074264;105898248
1636624800;2021-11-11 13:00;215700816;93014888;215700816;93014888
1636624860;2021-11-11 13:01;284685480;102555328;284685480;102555328
1636624920;2021-11-11 13:02;249550296;103399144;249550296;103399144
1636624980;2021-11-11 13:03;299212528;99054272;299212528;99054272
1636625040;2021-11-11 13:04;300196448;108162336;300196448;108162336
1636625100;2021-11-11 13:05;251256832;91266352;251256832;91266352
1636625160;2021-11-11 13:06;270933264;108570824;270933264;108570824
1636625220;2021-11-11 13:07;265598520;92681968;265598520;92681968
1636625280;2021-11-11 13:08;305749680;131175856;305749680;131175856
1636625340;2021-11-11 13:09;278958664;156897728;278958664;156897728
1636625400;2021-11-11 13:10;251373040;125152288;251373040;125152288
1636625460;2021-11-11 13:11;305061760;107199000;305061760;107199000
1636625520;2021-11-11 13:12;245181648;95523528;245181648;95523528
1636625580;2021-11-11 13:13;240277888;100965064;240277888;100965064
1636625640;2021-11-11 13:14;226403768;119412048;226403768;119412048
1636625700;2021-11-11 13:15;180952432;175809544;180952432;175809544
1636625760;2021-11-11 13:16;209295688;158511592;209295688;158511592
1636625820;2021-11-11 13:17;184290336;94779512;184290336;94779512
1636625880;2021-11-11 13:18;220132584;97306072;220132584;97306072
1636625940;2021-11-11 13:19;208726816;98686016;208726816;98686016
1636626000;2021-11-11 13:20;196333464;94673608;196333464;94673608
1636626060;2021-11-11 13:21;235431888;113678008;235431888;113678008
1636626120;2021-11-11 13:22;224679448;184604664;224679448;184604664
1636626180;2021-11-11 13:23;205171336;180771000;205171336;180771000
1636626240;2021-11-11 13:24;217308040;145132760;217308040;145132760
1636626300;2021-11-11 13:25;185057592;172694200;185057592;172694200
1636626360;2021-11-11 13:26;243472160;207578304;243472160;207578304
1636626420;2021-11-11 13:27;209404680;188527936;209404680;188527936
1636626480;2021-11-11 13:28;230108752;327077720;230108752;327077720
1636626540;2021-11-11 13:29;211812296;202575232;211812296;202575232
1636626600;2021-11-11 13:30;220548480;120355400;220548480;120355400
1636626660;2021-11-11 13:31;238559232;139662368;238559232;139662368
1636626720;2021-11-11 13:32;220833944;127974440;220833944;127974440
1636626780;2021-11-11 13:33;246280064;138076040;246280064;138076040
1636626840;2021-11-11 13:34;199380200;135916944;199380200;135916944
1636626900;2021-11-11 13:35;194281432;126773496;194281432;126773496
1636626960;2021-11-11 13:36;180124000;144853368;180124000;144853368
1636627020;2021-11-11 13:37;202523680;186284088;202523680;186284088
1636627080;2021-11-11 13:38;209765872;185671320;209765872;185671320
1636627140;2021-11-11 13:39;179186800;140695128;179186800;140695128
1636627200;2021-11-11 13:40;187603624;200698936;187603624;200698936
1636627260;2021-11-11 13:41;226110264;255064528;226110264;255064528
1636627320;2021-11-11 13:42;217087080;265042144;217087080;265042144
1636627380;2021-11-11 13:43;207193152;254316584;207193152;254316584
1636627440;2021-11-11 13:44;211590976;211005848;211590976;211005848
1636627500;2021-11-11 13:45;233691440;222110376;233691440;222110376
1636627560;2021-11-11 13:46;246887376;232575808;246887376;232575808
1636627620;2021-11-11 13:47;229183600;224948360;229183600;224948360
1636627680;2021-11-11 13:48;210514080;178183112;210514080;178183112
1636627740;2021-11-11 13:49;216394464;163119024;216394464;163119024
1636627800;2021-11-11 13:50;226204584;143919504;226204584;143919504
1636627860;2021-11-11 13:51;230881280;165040680;230881280;165040680
1636627920;2021-11-11 13:52;225857912;172165808;225857912;172165808
1636627980;2021-11-11 13:53;224623560;181117568;224623560;181117568
1636628040;2021-11-11 13:54;209563608;211048096;209563608;211048096
1636628100;2021-11-11 13:55;177856608;174051184;177856608;174051184
1636628160;2021-11-11 13:56;251536328;195654944;251536328;195654944
1636628220;2021-11-11 13:57;268990072;205449744;268990072;205449744
1636628280;2021-11-11 13:58;261995920;232972752;261995920;232972752
1636628340;2021-11-11 13:59;236557312;178035040;236557312;178035040
1636628400;2021-11-11 14:00;248696136;210522968;248696136;210522968
1636628460;2021-11-11 14:01;366406528;160913904;366406528;160913904
1636628520;2021-11-11 14:02;429898216;145900296;429898216;145900296
1636628580;2021-11-11 14:03;418563680;134537960;418563680;134537960
1636628640;2021-11-11 14:04;406979968;134569072;406979968;134569072
1636628700;2021-11-11 14:05;285458256;121998920;285458256;121998920
1636628760;2021-11-11 14:06;318671632;135591088;318671632;135591088
1636628820;2021-11-11 14:07;296669296;138574824;296669296;138574824
1636628880;2021-11-11 14:08;355035904;146662856;355035904;146662856
1636628940;2021-11-11 14:09;398063480;135789656;398063480;135789656
1636629000;2021-11-11 14:10;376596368;120774792;376596368;120774792
1636629060;2021-11-11 14:11;384465296;133925528;384465296;133925528
1636629120;2021-11-11 14:12;319813216;134867392;319813216;134867392
1636629180;2021-11-11 14:13;322013176;144923160;322013176;144923160
1636629240;2021-11-11 14:14;279635792;126536632;279635792;126536632
1636629300;2021-11-11 14:15;255298064;120695744;255298064;120695744
1636629360;2021-11-11 14:16;304394960;128752376;304394960;128752376
1636629420;2021-11-11 14:17;247336064;126605520;247336064;126605520
1636629480;2021-11-11 14:18;250179208;133546680;250179208;133546680
1636629540;2021-11-11 14:19;242727440;135682632;242727440;135682632
1636629600;2021-11-11 14:20;198109944;127608000;198109944;127608000
1636629660;2021-11-11 14:21;229857032;142693056;229857032;142693056
1636629720;2021-11-11 14:22;280884296;129151912;280884296;129151912
1636629780;2021-11-11 14:23;220152216;161191552;220152216;161191552
1636629840;2021-11-11 14:24;264393568;125311352;264393568;125311352
1636629900;2021-11-11 14:25;220371928;120526632;220371928;120526632
1636629960;2021-11-11 14:26;286826432;140168760;286826432;140168760
1636630020;2021-11-11 14:27;217449296;119497352;217449296;119497352
1636630080;2021-11-11 14:28;250440240;141268912;250440240;141268912
1636630140;2021-11-11 14:29;215727144;148189376;215727144;148189376
1636630200;2021-11-11 14:30;244493160;103626432;244493160;103626432
1636630260;2021-11-11 14:31;250739328;137119008;250739328;137119008
1636630320;2021-11-11 14:32;255839904;117724152;255839904;117724152
1636630380;2021-11-11 14:33;338536264;155835760;338536264;155835760
1636630440;2021-11-11 14:34;331696632;155110080;331696632;155110080
1636630500;2021-11-11 14:35;314436384;160823848;314436384;160823848
1636630560;2021-11-11 14:36;402768136;172293360;402768136;172293360
1636630620;2021-11-11 14:37;331666328;133992888;331666328;133992888
1636630680;2021-11-11 14:38;284174584;141477488;284174584;141477488
1636630740;2021-11-11 14:39;313076280;146392216;313076280;146392216
1636630800;2021-11-11 14:40;276798160;149273952;276798160;149273952
1636630860;2021-11-11 14:41;325836456;154235600;325836456;154235600
1636630920;2021-11-11 14:42;348061648;155734696;348061648;155734696
1636630980;2021-11-11 14:43;371121192;142730400;371121192;142730400
1636631040;2021-11-11 14:44;369970992;138834432;369970992;138834432
1636631100;2021-11-11 14:45;351624872;131976712;351624872;131976712
1636631160;2021-11-11 14:46;373596576;145823720;373596576;145823720
1636631220;2021-11-11 14:47;297203944;138015440;297203944;138015440
1636631280;2021-11-11 14:48;305518664;140417920;305518664;140417920
1636631340;2021-11-11 14:49;276274840;136560248;276274840;136560248
1636631400;2021-11-11 14:50;240368264;138516512;240368264;138516512
1636631460;2021-11-11 14:51;247639200;138618352;247639200;138618352
1636631520;2021-11-11 14:52;220689976;132695976;220689976;132695976
1636631580;2021-11-11 14:53;285411240;157187800;285411240;157187800
1636631640;2021-11-11 14:54;292218144;134068400;292218144;134068400
1636631700;2021-11-11 14:55;269858200;114892976;269858200;114892976
1636631760;2021-11-11 14:56;396660296;140809264;396660296;140809264
1636631820;2021-11-11 14:57;341635104;135063104;341635104;135063104
1636631880;2021-11-11 14:58;366977392;129334624;366977392;129334624
1636631940;2021-11-11 14:59;372558696;114756496;372558696;114756496
1636632000;2021-11-11 15:00;333058360;116775000;333058360;116775000
1636632060;2021-11-11 15:01;417303448;151207352;417303448;151207352
1636632120;2021-11-11 15:02;366273696;128376352;366273696;128376352
1636632180;2021-11-11 15:03;334255632;154658792;334255632;154658792
1636632240;2021-11-11 15:04;309737016;175083608;309737016;175083608
1636632300;2021-11-11 15:05;298184584;150177016;298184584;150177016
1636632360;2021-11-11 15:06;322008680;163677752;322008680;163677752
1636632420;2021-11-11 15:07;327663920;151061960;327663920;151061960
1636632480;2021-11-11 15:08;319426560;131986936;319426560;131986936
1636632540;2021-11-11 15:09;335350344;145678072;335350344;145678072
1636632600;2021-11-11 15:10;320852176;131088520;320852176;131088520
1636632660;2021-11-11 15:11;388616464;160908360;388616464;160908360
1636632720;2021-11-11 15:12;333345824;133386424;333345824;133386424
1636632780;2021-11-11 15:13;231616384;131451688;231616384;131451688
1636632840;2021-11-11 15:14;253338328;136737744;253338328;136737744
1636632900;2021-11-11 15:15;199457072;115684264;199457072;115684264
1636632960;2021-11-11 15:16;269302664;178435640;269302664;178435640
1636633020;2021-11-11 15:17;258865848;178107040;258865848;178107040
1636633080;2021-11-11 15:18;229799248;131023744;229799248;131023744
1636633140;2021-11-11 15:19;197895456;136975856;197895456;136975856
1636633200;2021-11-11 15:20;205058536;125503224;205058536;125503224
1636633260;2021-11-11 15:21;208332072;148431176;208332072;148431176
1636633320;2021-11-11 15:22;210856200;141267176;210856200;141267176
1636633380;2021-11-11 15:23;238307856;141903024;238307856;141903024
1636633440;2021-11-11 15:24;239835280;140825952;239835280;140825952
1636633500;2021-11-11 15:25;219003128;121810448;219003128;121810448
1636633560;2021-11-11 15:26;238891768;125699912;238891768;125699912
1636633620;2021-11-11 15:27;214304400;125926544;214304400;125926544
1636633680;2021-11-11 15:28;259049728;131080280;259049728;131080280
1636633740;2021-11-11 15:29;237954616;152654592;237954616;152654592
1636633800;2021-11-11 15:30;232082440;157130544;232082440;157130544
1636633860;2021-11-11 15:31;283054656;137877312;283054656;137877312
1636633920;2021-11-11 15:32;271421464;121476568;271421464;121476568
1636633980;2021-11-11 15:33;264775008;154092752;264775008;154092752
1636634040;2021-11-11 15:34;275067192;138215936;275067192;138215936
1636634100;2021-11-11 15:35;283846688;138766096;283846688;138766096
1636634160;2021-11-11 15:36;273760992;155078152;273760992;155078152
1636634220;2021-11-11 15:37;248572856;147827656;248572856;147827656
1636634280;2021-11-11 15:38;273008872;132808928;273008872;132808928
1636634340;2021-11-11 15:39;278242624;129861768;278242624;129861768
1636634400;2021-11-11 15:40;300518064;121778960;300518064;121778960
1636634460;2021-11-11 15:41;275953080;131089368;275953080;131089368
1636634520;2021-11-11 15:42;289743568;150793792;289743568;150793792
1636634580;2021-11-11 15:43;290162408;171539376;290162408;171539376
1636634640;2021-11-11 15:44;266480736;144085712;266480736;144085712
1636634700;2021-11-11 15:45;265208944;122139120;265208944;122139120
1636634760;2021-11-11 15:46;267478328;178624792;267478328;178624792
1636634820;2021-11-11 15:47;243696944;170749056;243696944;170749056
1636634880;2021-11-11 15:48;267670584;170692968;267670584;170692968
1636634940;2021-11-11 15:49;244176680;166061576;244176680;166061576
1636635000;2021-11-11 15:50;256155864;140900160;256155864;140900160
1636635060;2021-11-11 15:51;274278040;153687880;274278040;153687880
1636635120;2021-11-11 15:52;298117592;161115272;298117592;161115272
1636635180;2021-11-11 15:53;327128632;140117568;327128632;140117568
1636635240;2021-11-11 15:54;309649568;140524520;309649568;140524520
1636635300;2021-11-11 15:55;257165304;114721312;257165304;114721312
1636635360;2021-11-11 15:56;335288728;129516376;335288728;129516376
1636635420;2021-11-11 15:57;282927360;137505144;282927360;137505144
1636635480;2021-11-11 15:58;312223600;134806736;312223600;134806736
1636635540;2021-11-11 15:59;294925768;132740752;294925768;132740752
1636635600;2021-11-11 16:00;327416352;110738072;327416352;110738072
1636635660;2021-11-11 16:01;403018776;139102152;403018776;139102152
1636635720;2021-11-11 16:02;380849032;168444008;380849032;168444008
1636635780;2021-11-11 16:03;343014328;144983560;343014328;144983560
1636635840;2021-11-11 16:04;301623680;127961720;301623680;127961720
1636635900;2021-11-11 16:05;298958464;125762688;298958464;125762688
1636635960;2021-11-11 16:06;344442600;129986288;344442600;129986288
1636636020;2021-11-11 16:07;292031416;118975848;292031416;118975848
1636636080;2021-11-11 16:08;332062280;159894304;332062280;159894304
1636636140;2021-11-11 16:09;318393016;148291536;318393016;148291536
1636636200;2021-11-11 16:10;293959312;128851560;293959312;128851560
1636636260;2021-11-11 16:11;300571688;137115496;300571688;137115496
1636636320;2021-11-11 16:12;276551936;129298040;276551936;129298040
1636636380;2021-11-11 16:13;266127152;152442688;266127152;152442688
1636636440;2021-11-11 16:14;261721200;154774896;261721200;154774896
1636636500;2021-11-11 16:15;226807576;129330176;226807576;129330176
1636636560;2021-11-11 16:16;240404352;136670320;240404352;136670320
1636636620;2021-11-11 16:17;169623816;117647416;169623816;117647416
1636636680;2021-11-11 16:18;220583680;126137216;220583680;126137216
1636636740;2021-11-11 16:19;218259248;133807728;218259248;133807728
1636636800;2021-11-11 16:20;219284432;130507784;219284432;130507784
1636636860;2021-11-11 16:21;242360016;131623816;242360016;131623816
1636636920;2021-11-11 16:22;315772584;132953656;315772584;132953656
1636636980;2021-11-11 16:23;294246672;135523176;294246672;135523176
1636637040;2021-11-11 16:24;285289920;146069000;285289920;146069000
1636637100;2021-11-11 16:25;195316680;133760680;195316680;133760680
1636637160;2021-11-11 16:26;230164216;140365512;230164216;140365512
1636637220;2021-11-11 16:27;268552368;137073248;268552368;137073248
1636637280;2021-11-11 16:28;287161888;140229432;287161888;140229432
1636637340;2021-11-11 16:29;253236544;155722696;253236544;155722696
1636637400;2021-11-11 16:30;194823856;132811296;194823856;132811296
1636637460;2021-11-11 16:31;304079584;140722960;304079584;140722960
1636637520;2021-11-11 16:32;251181208;129810896;251181208;129810896
1636637580;2021-11-11 16:33;271617272;126143752;271617272;126143752
1636637640;2021-11-11 16:34;280807256;130249776;280807256;130249776
1636637700;2021-11-11 16:35;303950624;115934168;303950624;115934168
1636637760;2021-11-11 16:36;283447584;163581992;283447584;163581992
1636637820;2021-11-11 16:37;267866632;132991976;267866632;132991976
1636637880;2021-11-11 16:38;255429576;130863824;255429576;130863824
1636637940;2021-11-11 16:39;223567768;117780392;223567768;117780392
1636638000;2021-11-11 16:40;279325568;119717568;279325568;119717568
1636638060;2021-11-11 16:41;263965552;123175824;263965552;123175824
1636638120;2021-11-11 16:42;240674064;126837408;240674064;126837408
1636638180;2021-11-11 16:43;193225832;129929672;193225832;129929672
1636638240;2021-11-11 16:44;261989408;129254512;261989408;129254512
1636638300;2021-11-11 16:45;234208160;114032408;234208160;114032408
1636638360;2021-11-11 16:46;284853104;123834408;284853104;123834408
1636638420;2021-11-11 16:47;268235328;116590968;268235328;116590968
1636638480;2021-11-11 16:48;269513312;134182776;269513312;134182776
1636638540;2021-11-11 16:49;217895840;123363392;217895840;123363392
1636638600;2021-11-11 16:50;274050472;114069736;274050472;114069736
1636638660;2021-11-11 16:51;312480008;113883120;312480008;113883120
1636638720;2021-11-11 16:52;312015640;113789632;312015640;113789632
1636638780;2021-11-11 16:53;314541976;128361040;314541976;128361040
1636638840;2021-11-11 16:54;346738360;121110744;346738360;121110744
1636638900;2021-11-11 16:55;317139416;140700248;317139416;140700248
1636638960;2021-11-11 16:56;328201360;131061680;328201360;131061680
1636639020;2021-11-11 16:57;298665608;111727352;298665608;111727352
1636639080;2021-11-11 16:58;279438872;125855976;279438872;125855976
1636639140;2021-11-11 16:59;290824072;129742240;290824072;129742240
1636639200;2021-11-11 17:00;243329928;119644048;243329928;119644048
1636639260;2021-11-11 17:01;342774632;129706040;342774632;129706040
1636639320;2021-11-11 17:02;305517496;127901064;305517496;127901064
1636639380;2021-11-11 17:03;331001864;139728152;331001864;139728152
1636639440;2021-11-11 17:04;315113784;136939496;315113784;136939496
1636639500;2021-11-11 17:05;317384920;127158592;317384920;127158592
1636639560;2021-11-11 17:06;324281312;132725664;324281312;132725664
1636639620;2021-11-11 17:07;308445952;138174376;308445952;138174376
1636639680;2021-11-11 17:08;278636624;129833112;278636624;129833112
1636639740;2021-11-11 17:09;259705656;136311032;259705656;136311032
1636639800;2021-11-11 17:10;271140144;114820400;271140144;114820400
1636639860;2021-11-11 17:11;310640096;124051104;310640096;124051104
1636639920;2021-11-11 17:12;257451880;122356112;257451880;122356112
1636639980;2021-11-11 17:13;181049552;109611440;181049552;109611440
1636640040;2021-11-11 17:14;177897720;110743952;177897720;110743952
1636640100;2021-11-11 17:15;211022152;120927616;211022152;120927616
1636640160;2021-11-11 17:16;204774632;145476720;204774632;145476720
1636640220;2021-11-11 17:17;197914736;125889712;197914736;125889712
1636640280;2021-11-11 17:18;236379976;137837688;236379976;137837688
1636640340;2021-11-11 17:19;220796608;127707648;220796608;127707648
1636640400;2021-11-11 17:20;185186328;120959936;185186328;120959936
1636640460;2021-11-11 17:21;222038256;140205040;222038256;140205040
1636640520;2021-11-11 17:22;209769992;113790312;209769992;113790312
1636640580;2021-11-11 17:23;221803920;130751712;221803920;130751712
1636640640;2021-11-11 17:24;200030840;138090232;200030840;138090232
1636640700;2021-11-11 17:25;197053232;125810480;197053232;125810480
1636640760;2021-11-11 17:26;223808784;152044736;223808784;152044736
1636640820;2021-11-11 17:27;261479704;142190784;261479704;142190784
1636640880;2021-11-11 17:28;278405568;149860176;278405568;149860176
1636640940;2021-11-11 17:29;273829576;173506128;273829576;173506128
1636641000;2021-11-11 17:30;248490928;157693728;248490928;157693728
1636641060;2021-11-11 17:31;324744184;174258808;324744184;174258808
1636641120;2021-11-11 17:32;313666376;171582768;313666376;171582768
1636641180;2021-11-11 17:33;262969040;160073336;262969040;160073336
1636641240;2021-11-11 17:34;199864968;133920656;199864968;133920656
1636641300;2021-11-11 17:35;154509776;126287872;154509776;126287872
1636641360;2021-11-11 17:36;195252592;130814952;195252592;130814952
1636641420;2021-11-11 17:37;159644880;115897560;159644880;115897560
1636641480;2021-11-11 17:38;197639880;148375432;197639880;148375432
1636641540;2021-11-11 17:39;174824400;136483464;174824400;136483464
1636641600;2021-11-11 17:40;165531368;143772840;165531368;143772840
1636641660;2021-11-11 17:41;201976568;159644808;201976568;159644808
1636641720;2021-11-11 17:42;191380192;147992176;191380192;147992176
1636641780;2021-11-11 17:43;196646112;148625864;196646112;148625864
1636641840;2021-11-11 17:44;188905704;150339064;188905704;150339064
1636641900;2021-11-11 17:45;190034312;139394640;190034312;139394640
1636641960;2021-11-11 17:46;182255912;160229224;182255912;160229224
1636642020;2021-11-11 17:47;172989128;157055840;172989128;157055840
1636642080;2021-11-11 17:48;155692440;175809112;155692440;175809112
1636642140;2021-11-11 17:49;164193160;133316152;164193160;133316152
1636642200;2021-11-11 17:50;181429520;143074888;181429520;143074888
1636642260;2021-11-11 17:51;186731640;156607616;186731640;156607616
1636642320;2021-11-11 17:52;146462144;166808080;146462144;166808080
1636642380;2021-11-11 17:53;183500648;167037272;183500648;167037272
1636642440;2021-11-11 17:54;186559824;171223744;186559824;171223744
1636642500;2021-11-11 17:55;148909728;166943816;148909728;166943816
1636642560;2021-11-11 17:56;167276856;182397160;167276856;182397160
1636642620;2021-11-11 17:57;199115040;186947632;199115040;186947632
1636642680;2021-11-11 17:58;154960800;135476320;154960800;135476320
1636642740;2021-11-11 17:59;153668232;133145240;153668232;133145240
1636642800;2021-11-11 18:00;130478096;142197944;130478096;142197944
1636642860;2021-11-11 18:01;221011760;198403544;221011760;198403544
1636642920;2021-11-11 18:02;234639784;168534232;234639784;168534232
1636642980;2021-11-11 18:03;234402104;187950872;234402104;187950872
1636643040;2021-11-11 18:04;212331928;206486840;212331928;206486840
1636643100;2021-11-11 18:05;182301936;154453480;182301936;154453480
1636643160;2021-11-11 18:06;209489600;169353984;209489600;169353984
1636643220;2021-11-11 18:07;254630504;162515440;254630504;162515440
1636643280;2021-11-11 18:08;248015632;156034592;248015632;156034592
1636643340;2021-11-11 18:09;176976728;161618216;176976728;161618216
1636643400;2021-11-11 18:10;176522648;146879968;176522648;146879968
1636643460;2021-11-11 18:11;207182368;174525856;207182368;174525856
1636643520;2021-11-11 18:12;175886624;202492576;175886624;202492576
1636643580;2021-11-11 18:13;113571616;178653920;113571616;178653920
1636643640;2021-11-11 18:14;120653248;157400504;120653248;157400504
1636643700;2021-11-11 18:15;154196312;156867256;154196312;156867256
1636643760;2021-11-11 18:16;152835616;258598520;152835616;258598520
1636643820;2021-11-11 18:17;144192392;261111328;144192392;261111328
1636643880;2021-11-11 18:18;160382192;214803904;160382192;214803904
1636643940;2021-11-11 18:19;181892384;172364168;181892384;172364168
1636644000;2021-11-11 18:20;139804648;186261720;139804648;186261720
1636644060;2021-11-11 18:21;126034472;210916376;126034472;210916376
1636644120;2021-11-11 18:22;131080440;209701376;131080440;209701376
1636644180;2021-11-11 18:23;105993208;220656808;105993208;220656808
1636644240;2021-11-11 18:24;100026896;217355040;100026896;217355040
1636644300;2021-11-11 18:25;98674600;245647880;98674600;245647880
1636644360;2021-11-11 18:26;94801704;135711632;94801704;135711632
1636644420;2021-11-11 18:27;112330040;233635096;112330040;233635096
1636644480;2021-11-11 18:28;133342344;248577272;133342344;248577272
1636644540;2021-11-11 18:29;118545392;289252792;118545392;289252792
1636644600;2021-11-11 18:30;118537272;242186312;118537272;242186312
1636644660;2021-11-11 18:31;121031728;226949288;121031728;226949288
1636644720;2021-11-11 18:32;119214720;221397392;119214720;221397392
1636644780;2021-11-11 18:33;142103984;265106288;142103984;265106288
1636644840;2021-11-11 18:34;112302904;291996688;112302904;291996688
1636644900;2021-11-11 18:35;101453104;240240864;101453104;240240864
1636644960;2021-11-11 18:36;125675864;218795984;125675864;218795984
1636645020;2021-11-11 18:37;115975744;113757904;115975744;113757904
1636645080;2021-11-11 18:38;98429664;126879328;98429664;126879328
1636645140;2021-11-11 18:39;105418888;129854776;105418888;129854776
1636645200;2021-11-11 18:40;97328360;137217976;97328360;137217976
1636645260;2021-11-11 18:41;101372016;137966472;101372016;137966472
1636645320;2021-11-11 18:42;92163936;132596192;92163936;132596192
1636645380;2021-11-11 18:43;101153320;123073904;101153320;123073904
1636645440;2021-11-11 18:44;111271608;122884456;111271608;122884456
1636645500;2021-11-11 18:45;106568848;106512600;106568848;106512600
1636645560;2021-11-11 18:46;99376264;124044024;99376264;124044024
1636645620;2021-11-11 18:47;116257368;105924216;116257368;105924216
1636645680;2021-11-11 18:48;120823704;117119088;120823704;117119088
1636645740;2021-11-11 18:49;76352944;102566520;76352944;102566520
1636645800;2021-11-11 18:50;112659344;97780736;112659344;97780736
1636645860;2021-11-11 18:51;115966696;117787488;115966696;117787488
1636645920;2021-11-11 18:52;84274888;96450984;84274888;96450984
1636645980;2021-11-11 18:53;92723560;100875328;92723560;100875328
1636646040;2021-11-11 18:54;90100384;88957832;90100384;88957832
1636646100;2021-11-11 18:55;86267976;89743960;86267976;89743960
1636646160;2021-11-11 18:56;109685256;112543360;109685256;112543360
1636646220;2021-11-11 18:57;104662840;104477000;104662840;104477000
1636646280;2021-11-11 18:58;93012064;101205472;93012064;101205472
1636646340;2021-11-11 18:59;96823232;172151848;96823232;172151848
1636646400;2021-11-11 19:00;77111296;203225368;77111296;203225368
1636646460;2021-11-11 19:01;156767328;235807936;156767328;235807936
1636646520;2021-11-11 19:02;148261032;219360848;148261032;219360848
1636646580;2021-11-11 19:03;160870456;197615464;160870456;197615464
1636646640;2021-11-11 19:04;142013912;206515440;142013912;206515440
1636646700;2021-11-11 19:05;124458216;196189960;124458216;196189960
1636646760;2021-11-11 19:06;143697552;229236368;143697552;229236368
1636646820;2021-11-11 19:07;164876960;206993080;164876960;206993080
1636646880;2021-11-11 19:08;135382448;184907544;135382448;184907544
1636646940;2021-11-11 19:09;138381080;196138360;138381080;196138360
1636647000;2021-11-11 19:10;133872600;167622960;133872600;167622960
1636647060;2021-11-11 19:11;172649872;99168944;172649872;99168944
1636647120;2021-11-11 19:12;126545584;101097632;126545584;101097632
1636647180;2021-11-11 19:13;89458312;189834560;89458312;189834560
1636647240;2021-11-11 19:14;91415976;209623680;91415976;209623680
1636647300;2021-11-11 19:15;87070376;206095392;87070376;206095392
1636647360;2021-11-11 19:16;66277568;206870720;66277568;206870720
1636647420;2021-11-11 19:17;70035184;208484624;70035184;208484624
1636647480;2021-11-11 19:18;69594912;153555448;69594912;153555448
1636647540;2021-11-11 19:19;82114184;104683240;82114184;104683240
1636647600;2021-11-11 19:20;84500256;105833496;84500256;105833496
1636647660;2021-11-11 19:21;77329760;118751800;77329760;118751800
1636647720;2021-11-11 19:22;61639992;99967136;61639992;99967136
1636647780;2021-11-11 19:23;65105040;111343400;65105040;111343400
1636647840;2021-11-11 19:24;61655112;110073888;61655112;110073888
1636647900;2021-11-11 19:25;57405912;113866280;57405912;113866280
1636647960;2021-11-11 19:26;63023000;121878976;63023000;121878976
1636648020;2021-11-11 19:27;60246784;109637592;60246784;109637592
1636648080;2021-11-11 19:28;54670640;105354776;54670640;105354776
1636648140;2021-11-11 19:29;74071792;208387328;74071792;208387328
1636648200;2021-11-11 19:30;55699600;145496488;55699600;145496488
1636648260;2021-11-11 19:31;131876880;286651552;131876880;286651552
1636648320;2021-11-11 19:32;88470512;252916288;88470512;252916288
1636648380;2021-11-11 19:33;87546144;236768384;87546144;236768384
1636648440;2021-11-11 19:34;66013528;198719936;66013528;198719936
1636648500;2021-11-11 19:35;54595712;239821496;54595712;239821496
1636648560;2021-11-11 19:36;69662056;199986672;69662056;199986672
1636648620;2021-11-11 19:37;95252136;179299848;95252136;179299848
1636648680;2021-11-11 19:38;72170864;112580320;72170864;112580320
1636648740;2021-11-11 19:39;60399400;113633352;60399400;113633352
1636648800;2021-11-11 19:40;60873336;110759144;60873336;110759144
1636648860;2021-11-11 19:41;58832576;114680488;58832576;114680488
1636648920;2021-11-11 19:42;75126400;110901440;75126400;110901440
1636648980;2021-11-11 19:43;73350304;126229944;73350304;126229944
1636649040;2021-11-11 19:44;80627544;187256352;80627544;187256352
1636649100;2021-11-11 19:45;73913880;206839624;73913880;206839624
1636649160;2021-11-11 19:46;61047504;231124120;61047504;231124120
1636649220;2021-11-11 19:47;61322464;262230672;61322464;262230672
1636649280;2021-11-11 19:48;51080408;187870776;51080408;187870776
1636649340;2021-11-11 19:49;49243168;101852080;49243168;101852080
1636649400;2021-11-11 19:50;45068728;102412672;45068728;102412672
1636649460;2021-11-11 19:51;70462216;117638424;70462216;117638424
1636649520;2021-11-11 19:52;56927488;107591600;56927488;107591600
1636649580;2021-11-11 19:53;54470520;107792304;54470520;107792304
1636649640;2021-11-11 19:54;53981600;106914960;53981600;106914960
1636649700;2021-11-11 19:55;64942224;103888560;64942224;103888560
1636649760;2021-11-11 19:56;56732296;112252840;56732296;112252840
1636649820;2021-11-11 19:57;56011576;106934184;56011576;106934184
1636649880;2021-11-11 19:58;58280840;110354256;58280840;110354256
1636649940;2021-11-11 19:59;56616384;106668688;56616384;106668688
1636650000;2021-11-11 20:00;50444208;103052360;50444208;103052360
1636650060;2021-11-11 20:01;141842104;115772360;141842104;115772360
1636650120;2021-11-11 20:02;147822680;146848280;147822680;146848280
1636650180;2021-11-11 20:03;176418120;156630400;176418120;156630400
1636650240;2021-11-11 20:04;139556072;107879360;139556072;107879360
1636650300;2021-11-11 20:05;111619576;106841728;111619576;106841728
1636650360;2021-11-11 20:06;137937848;120921408;137937848;120921408
1636650420;2021-11-11 20:07;118991168;96111184;118991168;96111184
1636650480;2021-11-11 20:08;134495800;108937064;134495800;108937064
1636650540;2021-11-11 20:09;121944192;103003680;121944192;103003680
1636650600;2021-11-11 20:10;112643992;89639224;112643992;89639224
1636650660;2021-11-11 20:11;133326584;113223824;133326584;113223824
1636650720;2021-11-11 20:12;104937888;103360000;104937888;103360000
1636650780;2021-11-11 20:13;59384680;102931440;59384680;102931440
1636650840;2021-11-11 20:14;53069200;94577208;53069200;94577208
1636650900;2021-11-11 20:15;56519928;102142472;56519928;102142472
1636650960;2021-11-11 20:16;80664392;103788472;80664392;103788472
1636651020;2021-11-11 20:17;83262104;104145512;83262104;104145512
1636651080;2021-11-11 20:18;68222480;89962552;68222480;89962552
1636651140;2021-11-11 20:19;84785448;89771032;84785448;89771032
1636651200;2021-11-11 20:20;72320152;92554024;72320152;92554024
1636651260;2021-11-11 20:21;82107816;90188808;82107816;90188808
1636651320;2021-11-11 20:22;85165056;92441696;85165056;92441696
1636651380;2021-11-11 20:23;68326592;100104720;68326592;100104720
1636651440;2021-11-11 20:24;172812104;99953632;172812104;99953632
1636651500;2021-11-11 20:25;61062680;93154264;61062680;93154264
1636651560;2021-11-11 20:26;71939912;107254080;71939912;107254080
1636651620;2021-11-11 20:27;61512792;102878376;61512792;102878376
1636651680;2021-11-11 20:28;68099944;101786616;68099944;101786616
1636651740;2021-11-11 20:29;53972120;96370496;53972120;96370496
1636651800;2021-11-11 20:30;59279104;84882648;59279104;84882648
1636651860;2021-11-11 20:31;63016208;94056136;63016208;94056136
1636651920;2021-11-11 20:32;78221480;89718880;78221480;89718880
1636651980;2021-11-11 20:33;85107544;90829032;85107544;90829032
1636652040;2021-11-11 20:34;69630152;99618744;69630152;99618744
1636652100;2021-11-11 20:35;54822480;97174816;54822480;97174816
1636652160;2021-11-11 20:36;63909944;106062048;63909944;106062048
1636652220;2021-11-11 20:37;75945696;99769760;75945696;99769760
1636652280;2021-11-11 20:38;78991016;101248600;78991016;101248600
1636652340;2021-11-11 20:39;82225992;98818712;82225992;98818712
1636652400;2021-11-11 20:40;93196376;95872904;93196376;95872904
1636652460;2021-11-11 20:41;123291104;103185024;123291104;103185024
1636652520;2021-11-11 20:42;71712720;99384784;71712720;99384784
1636652580;2021-11-11 20:43;60050216;89503960;60050216;89503960
1636652640;2021-11-11 20:44;95551752;88714392;95551752;88714392
1636652700;2021-11-11 20:45;77596352;85975224;77596352;85975224
1636652760;2021-11-11 20:46;59422232;95636344;59422232;95636344
1636652820;2021-11-11 20:47;56701704;88681272;56701704;88681272
1636652880;2021-11-11 20:48;56844752;90246896;56844752;90246896
1636652940;2021-11-11 20:49;46452408;96960928;46452408;96960928
1636653000;2021-11-11 20:50;58962960;84864648;58962960;84864648
1636653060;2021-11-11 20:51;49401864;103548648;49401864;103548648
1636653120;2021-11-11 20:52;39496992;107010296;39496992;107010296
1636653180;2021-11-11 20:53;38856664;108036568;38856664;108036568
1636653240;2021-11-11 20:54;45412360;96049792;45412360;96049792
1636653300;2021-11-11 20:55;43370656;96394480;43370656;96394480
1636653360;2021-11-11 20:56;54757432;111661240;54757432;111661240
1636653420;2021-11-11 20:57;53609056;103639808;53609056;103639808
1636653480;2021-11-11 20:58;49435824;98171424;49435824;98171424
1636653540;2021-11-11 20:59;36598000;89952216;36598000;89952216
1636653600;2021-11-11 21:00;33320640;73615216;33320640;73615216
1636653660;2021-11-11 21:01;110970800;92078304;110970800;92078304
1636653720;2021-11-11 21:02;106263264;94837488;106263264;94837488
1636653780;2021-11-11 21:03;139574176;105242688;139574176;105242688
1636653840;2021-11-11 21:04;127829632;112985112;127829632;112985112
1636653900;2021-11-11 21:05;106362352;96225632;106362352;96225632
1636653960;2021-11-11 21:06;125481392;114141568;125481392;114141568
1636654020;2021-11-11 21:07;129968544;114295304;129968544;114295304
1636654080;2021-11-11 21:08;119999152;94823048;119999152;94823048
1636654140;2021-11-11 21:09;117774720;87749408;117774720;87749408
1636654200;2021-11-11 21:10;97614144;86675984;97614144;86675984
1636654260;2021-11-11 21:11;101518544;98501496;101518544;98501496
1636654320;2021-11-11 21:12;79457624;93270184;79457624;93270184
1636654380;2021-11-11 21:13;40481048;87070520;40481048;87070520
1636654440;2021-11-11 21:14;38785344;87835976;38785344;87835976
1636654500;2021-11-11 21:15;50573696;88913560;50573696;88913560
1636654560;2021-11-11 21:16;54885888;95431984;54885888;95431984
1636654620;2021-11-11 21:17;46228384;89732880;46228384;89732880
1636654680;2021-11-11 21:18;42306880;88261744;42306880;88261744
1636654740;2021-11-11 21:19;46691376;92255288;46691376;92255288
1636654800;2021-11-11 21:20;37679888;87534184;37679888;87534184
1636654860;2021-11-11 21:21;38104848;93959256;38104848;93959256
1636654920;2021-11-11 21:22;39263008;89117584;39263008;89117584
1636654980;2021-11-11 21:23;35765080;93537872;35765080;93537872
1636655040;2021-11-11 21:24;34516000;93912488;34516000;93912488
1636655100;2021-11-11 21:25;31361888;95783008;31361888;95783008
1636655160;2021-11-11 21:26;51292816;96556784;51292816;96556784
1636655220;2021-11-11 21:27;65900024;91889664;65900024;91889664
1636655280;2021-11-11 21:28;66265384;90548528;66265384;90548528
1636655340;2021-11-11 21:29;61454840;93910400;61454840;93910400
1636655400;2021-11-11 21:30;68162632;96350552;68162632;96350552
1636655460;2021-11-11 21:31;89156800;92043080;89156800;92043080
1636655520;2021-11-11 21:32;64202008;90288864;64202008;90288864
1636655580;2021-11-11 21:33;80728360;102309512;80728360;102309512
1636655640;2021-11-11 21:34;85897032;123318192;85897032;123318192
1636655700;2021-11-11 21:35;70363648;111666664;70363648;111666664
1636655760;2021-11-11 21:36;64436080;86780912;64436080;86780912
1636655820;2021-11-11 21:37;70442608;85751944;70442608;85751944
1636655880;2021-11-11 21:38;109218512;95720560;109218512;95720560
1636655940;2021-11-11 21:39;64003904;87782696;64003904;87782696
1636656000;2021-11-11 21:40;63692040;91083040;63692040;91083040
1636656060;2021-11-11 21:41;71472864;108300256;71472864;108300256
1636656120;2021-11-11 21:42;63661888;91344424;63661888;91344424
1636656180;2021-11-11 21:43;60208416;82517936;60208416;82517936
1636656240;2021-11-11 21:44;62836752;89973136;62836752;89973136
1636656300;2021-11-11 21:45;56923120;98339624;56923120;98339624
1636656360;2021-11-11 21:46;64547992;112852400;64547992;112852400
1636656420;2021-11-11 21:47;65051608;98671368;65051608;98671368
1636656480;2021-11-11 21:48;70914272;89098832;70914272;89098832
1636656540;2021-11-11 21:49;64649136;89555568;64649136;89555568
1636656600;2021-11-11 21:50;54273648;81236872;54273648;81236872
1636656660;2021-11-11 21:51;67692488;101313384;67692488;101313384
1636656720;2021-11-11 21:52;73228928;94861360;73228928;94861360
1636656780;2021-11-11 21:53;68483320;89229696;68483320;89229696
1636656840;2021-11-11 21:54;62890320;82551512;62890320;82551512
1636656900;2021-11-11 21:55;69812280;74098888;69812280;74098888
1636656960;2021-11-11 21:56;68384008;86940152;68384008;86940152
1636657020;2021-11-11 21:57;61175624;84549040;61175624;84549040
1636657080;2021-11-11 21:58;78499552;81605608;78499552;81605608
1636657140;2021-11-11 21:59;64225104;86770640;64225104;86770640
1636657200;2021-11-11 22:00;58626640;80230584;58626640;80230584
1636657260;2021-11-11 22:01;140523976;97699936;140523976;97699936
1636657320;2021-11-11 22:02;172565584;89378880;172565584;89378880
1636657380;2021-11-11 22:03;159800608;93926880;159800608;93926880
1636657440;2021-11-11 22:04;169087448;96141728;169087448;96141728
1636657500;2021-11-11 22:05;152137416;80415616;152137416;80415616
1636657560;2021-11-11 22:06;174165432;97240912;174165432;97240912
1636657620;2021-11-11 22:07;149849000;86260600;149849000;86260600
1636657680;2021-11-11 22:08;158835480;100832368;158835480;100832368
1636657740;2021-11-11 22:09;164454168;109389104;164454168;109389104
1636657800;2021-11-11 22:10;164846144;94272040;164846144;94272040
1636657860;2021-11-11 22:11;161279688;90533696;161279688;90533696
1636657920;2021-11-11 22:12;137074784;90173576;137074784;90173576
1636657980;2021-11-11 22:13;89225832;92888672;89225832;92888672
1636658040;2021-11-11 22:14;100737408;102937760;100737408;102937760
1636658100;2021-11-11 22:15;90720200;82511976;90720200;82511976
1636658160;2021-11-11 22:16;119403240;84917944;119403240;84917944
1636658220;2021-11-11 22:17;101654280;86198696;101654280;86198696
1636658280;2021-11-11 22:18;81910448;93513880;81910448;93513880
1636658340;2021-11-11 22:19;71512616;89664008;71512616;89664008
1636658400;2021-11-11 22:20;74228168;112185928;74228168;112185928
1636658460;2021-11-11 22:21;91110784;107902632;91110784;107902632
1636658520;2021-11-11 22:22;83692720;104584528;83692720;104584528
1636658580;2021-11-11 22:23;78940016;113354680;78940016;113354680
1636658640;2021-11-11 22:24;69465240;111620640;69465240;111620640
1636658700;2021-11-11 22:25;67741560;105881392;67741560;105881392
1636658760;2021-11-11 22:26;79592312;123061776;79592312;123061776
1636658820;2021-11-11 22:27;88552784;132757904;88552784;132757904
1636658880;2021-11-11 22:28;68938656;117573376;68938656;117573376
1636658940;2021-11-11 22:29;68332872;121724864;68332872;121724864
1636659000;2021-11-11 22:30;55210320;111537560;55210320;111537560
1636659060;2021-11-11 22:31;66207640;109005328;66207640;109005328
1636659120;2021-11-11 22:32;58384480;92656640;58384480;92656640
1636659180;2021-11-11 22:33;59541864;103150104;59541864;103150104
1636659240;2021-11-11 22:34;54000352;91615928;54000352;91615928
1636659300;2021-11-11 22:35;51174064;84915184;51174064;84915184
1636659360;2021-11-11 22:36;54344008;94017056;54344008;94017056
1636659420;2021-11-11 22:37;50010192;85082840;50010192;85082840
1636659480;2021-11-11 22:38;50186232;83440712;50186232;83440712
1636659540;2021-11-11 22:39;70460432;111375192;70460432;111375192
1636659600;2021-11-11 22:40;49360600;88218416;49360600;88218416
1636659660;2021-11-11 22:41;90561464;101992704;90561464;101992704
1636659720;2021-11-11 22:42;57889696;94397728;57889696;94397728
1636659780;2021-11-11 22:43;68521104;90180112;68521104;90180112
1636659840;2021-11-11 22:44;68327544;102761752;68327544;102761752
1636659900;2021-11-11 22:45;46993592;114292448;46993592;114292448
1636659960;2021-11-11 22:46;53666408;131639944;53666408;131639944
1636660020;2021-11-11 22:47;48981184;116751624;48981184;116751624
1636660080;2021-11-11 22:48;41460000;108158544;41460000;108158544
1636660140;2021-11-11 22:49;48819336;104063776;48819336;104063776
1636660200;2021-11-11 22:50;46178848;95615352;46178848;95615352
1636660260;2021-11-11 22:51;50693944;112142784;50693944;112142784
1636660320;2021-11-11 22:52;34476824;98803096;34476824;98803096
1636660380;2021-11-11 22:53;41415096;95008808;41415096;95008808
1636660440;2021-11-11 22:54;35088408;86803600;35088408;86803600
1636660500;2021-11-11 22:55;41373576;78486912;41373576;78486912
1636660560;2021-11-11 22:56;41975912;91433296;41975912;91433296
1636660620;2021-11-11 22:57;35655360;84709384;35655360;84709384
1636660680;2021-11-11 22:58;55401336;82054720;55401336;82054720
1636660740;2021-11-11 22:59;49340616;90525264;49340616;90525264
1636660800;2021-11-11 23:00;37508680;77123680;37508680;77123680
1636660860;2021-11-11 23:01;133138064;92220496;133138064;92220496
1636660920;2021-11-11 23:02;123910448;85899200;123910448;85899200
1636660980;2021-11-11 23:03;119135352;93421696;119135352;93421696
1636661040;2021-11-11 23:04;115444560;85881840;115444560;85881840
1636661100;2021-11-11 23:05;112293928;88059856;112293928;88059856
1636661160;2021-11-11 23:06;122321448;99470128;122321448;99470128
1636661220;2021-11-11 23:07;120406592;92786456;120406592;92786456
1636661280;2021-11-11 23:08;117015984;87915968;117015984;87915968
1636661340;2021-11-11 23:09;131732344;113882320;131732344;113882320
1636661400;2021-11-11 23:10;130358168;117768264;130358168;117768264
1636661460;2021-11-11 23:11;139162128;123956424;139162128;123956424
1636661520;2021-11-11 23:12;114743616;121654008;114743616;121654008
1636661580;2021-11-11 23:13;69275632;119673448;69275632;119673448
1636661640;2021-11-11 23:14;77661760;125459072;77661760;125459072
1636661700;2021-11-11 23:15;70468952;125910936;70468952;125910936
1636661760;2021-11-11 23:16;61791800;134283224;61791800;134283224
1636661820;2021-11-11 23:17;63903720;122133048;63903720;122133048
1636661880;2021-11-11 23:18;75856688;120849248;75856688;120849248
1636661940;2021-11-11 23:19;65269488;114107408;65269488;114107408
1636662000;2021-11-11 23:20;60249304;105696176;60249304;105696176
1636662060;2021-11-11 23:21;96186960;88179744;96186960;88179744
1636662120;2021-11-11 23:22;70041632;85705360;70041632;85705360
1636662180;2021-11-11 23:23;58597888;84832536;58597888;84832536
1636662240;2021-11-11 23:24;59760552;86809296;59760552;86809296
1636662300;2021-11-11 23:25;54646920;89157496;54646920;89157496
1636662360;2021-11-11 23:26;68607128;87891464;68607128;87891464
1636662420;2021-11-11 23:27;60785952;85907632;60785952;85907632
1636662480;2021-11-11 23:28;53704576;82678384;53704576;82678384
1636662540;2021-11-11 23:29;54929624;77112168;54929624;77112168
1636662600;2021-11-11 23:30;53593784;77343200;53593784;77343200
1636662660;2021-11-11 23:31;70508568;79544360;70508568;79544360
1636662720;2021-11-11 23:32;46933880;76919992;46933880;76919992
1636662780;2021-11-11 23:33;46692712;72013544;46692712;72013544
1636662840;2021-11-11 23:34;49136928;76342208;49136928;76342208
1636662900;2021-11-11 23:35;54802128;82036480;54802128;82036480
1636662960;2021-11-11 23:36;65250536;85523928;65250536;85523928
1636663020;2021-11-11 23:37;58054568;94236488;58054568;94236488
1636663080;2021-11-11 23:38;59525112;116516072;59525112;116516072
1636663140;2021-11-11 23:39;74728664;103381384;74728664;103381384
1636663200;2021-11-11 23:40;51329336;77181816;51329336;77181816
1636663260;2021-11-11 23:41;67947216;85281184;67947216;85281184
1636663320;2021-11-11 23:42;48900048;79060672;48900048;79060672
1636663380;2021-11-11 23:43;39378168;84552688;39378168;84552688
1636663440;2021-11-11 23:44;41815216;82173128;41815216;82173128
1636663500;2021-11-11 23:45;83458360;78651984;83458360;78651984
1636663560;2021-11-11 23:46;61748672;89887888;61748672;89887888
1636663620;2021-11-11 23:47;42237504;100002520;42237504;100002520
1636663680;2021-11-11 23:48;37806032;117809432;37806032;117809432
1636663740;2021-11-11 23:49;46415096;87404368;46415096;87404368
1636663800;2021-11-11 23:50;45879560;71026272;45879560;71026272
1636663860;2021-11-11 23:51;38627192;82790400;38627192;82790400
1636663920;2021-11-11 23:52;34300264;76010648;34300264;76010648
1636663980;2021-11-11 23:53;64039488;118995808;64039488;118995808
1636664040;2021-11-11 23:54;81166480;89178656;81166480;89178656
1636664100;2021-11-11 23:55;50043504;79815208;50043504;79815208
1636664160;2021-11-11 23:56;95242728;97380552;95242728;97380552
1636664220;2021-11-11 23:57;68089176;80657528;68089176;80657528
1636664280;2021-11-11 23:58;38490192;85404008;38490192;85404008
1636664340;2021-11-11 23:59;32535984;74744072;32535984;74744072
